-- phpMyAdmin SQL Dump
-- version 5.0.1
-- https://www.phpmyadmin.net/
--
-- Host: 127.0.0.1
-- Generation Time: Feb 12, 2021 at 01:24 PM
-- Server version: 10.4.11-MariaDB
-- PHP Version: 7.4.3

SET SQL_MODE = "NO_AUTO_VALUE_ON_ZERO";
SET AUTOCOMMIT = 0;
START TRANSACTION;
SET time_zone = "+00:00";


/*!40101 SET @OLD_CHARACTER_SET_CLIENT=@@CHARACTER_SET_CLIENT */;
/*!40101 SET @OLD_CHARACTER_SET_RESULTS=@@CHARACTER_SET_RESULTS */;
/*!40101 SET @OLD_COLLATION_CONNECTION=@@COLLATION_CONNECTION */;
/*!40101 SET NAMES utf8mb4 */;

--
-- Database: `ce299`
--

-- --------------------------------------------------------

--
-- Table structure for table `reader`
--

CREATE TABLE `reader` (
  `ReaderID` int(11) NOT NULL,
  `Location` varchar(45) NOT NULL,
  `Floor` int(11) NOT NULL,
  `LastRefill` datetime NOT NULL,
  `PercentageFull` double NOT NULL
) ENGINE=InnoDB DEFAULT CHARSET=utf8mb4;

--
-- Dumping data for table `reader`
--

INSERT INTO `reader` (`ReaderID`, `Location`, `Floor`, `LastRefill`, `PercentageFull`) VALUES
(1, 'Office', 0, '0000-00-00 00:00:00', 0),
(2, 'GF Bathroom M', 0, '0000-00-00 00:00:00', 0),
(3, 'GF Bathroom F', 0, '0000-00-00 00:00:00', 0),
(4, 'GF Hallway 1', 0, '0000-00-00 00:00:00', 0),
(5, 'GF Hallway 2', 0, '0000-00-00 00:00:00', 0),
(6, 'GF Bathroom Disabled', 0, '0000-00-00 00:00:00', 0),
(7, 'Reception', 0, '0000-00-00 00:00:00', 0),
(8, 'FF Bathroom Disabled', 0, '0000-00-00 00:00:00', 0),
(9, 'FF Bathroom M', 0, '0000-00-00 00:00:00', 0),
(10, 'FF Bathroom F', 0, '0000-00-00 00:00:00', 0),
(11, 'SF Bathroom M', 0, '0000-00-00 00:00:00', 0),
(12, 'SF Bathroom F', 0, '0000-00-00 00:00:00', 0),
(13, 'Communal Room', 0, '0000-00-00 00:00:00', 0),
(14, 'FF Hallway 1', 0, '0000-00-00 00:00:00', 0),
(15, 'FF Hallway 2', 0, '0000-00-00 00:00:00', 0),
(16, 'SF Hallway 1', 0, '0000-00-00 00:00:00', 0),
(17, 'SF Hallway 2', 0, '0000-00-00 00:00:00', 0);

-- --------------------------------------------------------

--
-- Table structure for table `scans`
--

CREATE TABLE `scans` (
  `ScanID` int(10) UNSIGNED NOT NULL,
  `UserID` int(11) NOT NULL,
  `ReaderID` int(11) NOT NULL,
  `Scan` datetime NOT NULL
) ENGINE=InnoDB DEFAULT CHARSET=utf8mb4;

--
-- Dumping data for table `scans`
--

INSERT INTO `scans` (`ScanID`, `UserID`, `ReaderID`, `Scan`) VALUES
(7, 1, 1, '2020-11-13 14:53:32'),
(13, 19, 4, '2020-07-28 03:40:28'),
(14, 13, 12, '2020-03-06 11:00:24'),
(15, 28, 2, '2020-10-05 13:40:20'),
(16, 25, 1, '2020-03-09 15:41:08'),
(17, 12, 16, '2020-07-18 00:38:05'),
(18, 10, 9, '2020-07-14 19:26:13'),
(19, 28, 11, '2020-01-26 05:34:43'),
(20, 8, 4, '2020-01-12 09:34:23'),
(21, 4, 3, '2020-09-15 15:12:45'),
(22, 6, 7, '2020-07-05 20:03:08'),
(23, 12, 4, '2020-03-01 13:04:01'),
(24, 5, 4, '2020-04-06 19:32:52'),
(25, 8, 1, '2020-07-22 18:51:06'),
(26, 26, 8, '2020-07-31 07:56:15'),
(27, 9, 3, '2020-07-17 04:57:21'),
(28, 18, 8, '2020-08-23 02:38:21'),
(29, 25, 4, '2020-07-19 02:04:18'),
(30, 17, 1, '2020-03-29 11:19:44'),
(32, 21, 13, '2020-05-24 10:18:26'),
(33, 17, 7, '2020-09-30 05:22:04'),
(34, 18, 12, '2020-11-02 12:29:31'),
(35, 21, 15, '2020-10-23 20:21:43'),
(36, 13, 16, '2020-03-07 22:10:02'),
(37, 5, 15, '2020-08-03 06:33:41'),
(38, 7, 17, '2020-04-25 10:25:03'),
(39, 14, 4, '2020-01-16 07:19:25'),
(40, 24, 8, '2020-05-27 12:01:59'),
(41, 7, 10, '2020-06-25 05:36:23'),
(42, 7, 8, '2020-04-11 02:22:25'),
(43, 5, 8, '2020-01-21 18:24:08'),
(44, 12, 13, '2020-05-06 18:04:18'),
(45, 26, 9, '2020-07-04 04:53:59'),
(46, 12, 8, '2020-06-09 18:52:35'),
(47, 5, 3, '2020-04-03 21:35:11'),
(48, 16, 12, '2020-07-04 10:51:05'),
(49, 14, 10, '2020-09-09 16:51:50'),
(50, 23, 1, '2020-01-26 12:36:53'),
(52, 4, 4, '2020-11-26 07:07:07'),
(53, 29, 7, '2020-11-22 18:59:57'),
(54, 1, 16, '2020-01-03 04:41:55'),
(55, 20, 8, '2020-02-27 15:02:48'),
(56, 10, 4, '2020-10-07 11:03:27'),
(57, 1, 12, '2020-03-30 12:43:04'),
(58, 9, 8, '2020-01-03 07:41:26'),
(59, 6, 16, '2020-07-12 19:01:15'),
(60, 6, 7, '2020-07-16 09:13:21'),
(61, 8, 8, '2020-11-29 08:40:00'),
(62, 12, 13, '2020-04-13 11:00:28'),
(63, 8, 16, '2020-01-09 01:56:58'),
(64, 7, 16, '2020-04-24 16:17:26'),
(65, 1, 12, '2020-07-24 18:38:57'),
(66, 19, 17, '2020-08-19 13:17:50'),
(67, 15, 6, '2020-09-01 17:35:38'),
(68, 5, 5, '2020-06-07 09:04:08'),
(69, 7, 13, '2020-08-10 10:26:06'),
(70, 21, 3, '2020-06-20 04:23:06'),
(71, 21, 3, '2020-03-17 20:58:11'),
(72, 30, 6, '2020-07-24 14:30:05'),
(74, 10, 8, '2020-05-25 17:50:15'),
(75, 16, 4, '2020-02-29 17:56:56'),
(76, 1, 2, '2020-05-08 12:50:18'),
(77, 6, 11, '2020-12-30 08:54:48'),
(78, 9, 13, '2020-01-18 14:31:01'),
(79, 10, 10, '2020-03-03 14:40:25'),
(80, 19, 8, '2020-10-13 21:22:55'),
(81, 1, 1, '2020-07-09 14:57:28'),
(83, 23, 3, '2020-09-07 01:57:37'),
(84, 22, 5, '2020-07-29 05:53:47'),
(85, 10, 10, '2020-11-07 20:46:28'),
(86, 22, 12, '2020-08-02 22:57:20'),
(87, 26, 17, '2020-06-23 20:54:23'),
(88, 14, 16, '2020-09-20 19:01:59'),
(89, 23, 8, '2020-12-25 01:28:58'),
(90, 15, 11, '2020-04-25 05:22:16'),
(91, 8, 16, '2020-03-16 13:30:57'),
(92, 24, 8, '2020-11-23 07:25:56'),
(93, 3, 3, '2020-08-06 20:46:30'),
(94, 9, 8, '2020-10-17 03:37:34'),
(95, 7, 16, '2020-06-26 03:04:41'),
(96, 10, 12, '2020-01-05 19:44:01'),
(98, 11, 8, '2020-01-07 07:50:24'),
(99, 12, 11, '2020-01-02 08:48:28'),
(100, 30, 1, '2020-10-22 11:35:26'),
(101, 6, 1, '2020-08-21 04:54:44'),
(102, 9, 9, '2020-07-05 01:58:24'),
(103, 20, 9, '2020-02-03 06:29:45'),
(104, 1, 11, '2020-09-05 15:39:56'),
(105, 3, 12, '2020-02-03 02:07:27'),
(106, 25, 9, '2020-06-09 00:18:36'),
(107, 2, 14, '2020-08-23 22:11:46'),
(108, 9, 17, '2020-06-17 16:50:57'),
(109, 30, 12, '2020-10-23 00:38:05'),
(110, 26, 1, '2020-10-12 12:54:38'),
(111, 21, 8, '2020-12-10 04:10:24'),
(112, 21, 17, '2020-03-05 22:13:04'),
(113, 25, 13, '2020-01-15 16:16:14'),
(116, 8, 5, '2020-05-25 00:56:11'),
(117, 10, 6, '2020-09-07 00:24:33'),
(118, 13, 7, '2020-10-27 04:49:26'),
(119, 11, 8, '2020-10-02 00:42:41'),
(120, 13, 6, '2020-02-25 02:47:03'),
(121, 9, 6, '2020-01-10 01:51:10'),
(122, 8, 7, '2020-05-18 06:35:50'),
(123, 15, 4, '2020-02-19 15:16:58'),
(124, 17, 9, '2020-03-01 16:05:39'),
(125, 18, 3, '2020-03-10 05:07:12'),
(126, 20, 8, '2020-06-05 14:36:03'),
(127, 20, 7, '2020-10-30 04:21:50'),
(128, 11, 5, '2020-06-30 19:03:52'),
(129, 10, 9, '2020-11-17 21:38:01'),
(130, 18, 5, '2020-10-29 17:57:12'),
(131, 12, 6, '2020-09-17 07:09:13'),
(132, 10, 3, '2020-05-23 22:39:37'),
(133, 12, 7, '2020-02-27 00:48:24'),
(134, 13, 7, '2020-11-25 04:50:48'),
(135, 13, 9, '2020-03-16 11:11:13'),
(136, 10, 3, '2020-04-15 19:18:40'),
(137, 17, 3, '2020-11-26 22:07:37'),
(138, 9, 8, '2020-09-30 19:21:14'),
(139, 14, 3, '2020-04-30 05:37:36'),
(140, 13, 5, '2020-08-27 13:03:25'),
(141, 20, 7, '2020-10-04 13:53:06'),
(142, 16, 3, '2020-12-17 06:28:15'),
(143, 19, 7, '2020-12-31 08:58:49'),
(144, 19, 6, '2020-12-03 02:18:39'),
(145, 17, 7, '2020-03-10 16:36:01'),
(148, 2, 2, '2020-11-27 16:05:19'),
(149, 26, 10, '2020-11-27 16:55:53'),
(150, 14, 3, '2020-12-02 16:35:26'),
(151, 1, 1, '2021-02-05 11:31:52'),
(152, 25, 2, '2020-05-22 06:16:59'),
(153, 20, 3, '2020-06-24 02:23:02'),
(154, 24, 6, '2020-01-23 20:02:50'),
(155, 23, 7, '2020-04-09 05:16:09'),
(156, 21, 2, '2020-02-11 09:08:14'),
(157, 20, 4, '2020-04-03 13:09:29'),
(158, 25, 3, '2020-03-11 12:09:26'),
(159, 25, 4, '2020-04-29 21:13:30'),
(160, 25, 3, '2020-06-01 20:28:56'),
(161, 22, 3, '2020-06-05 20:14:49'),
(162, 23, 2, '2020-03-18 14:26:47'),
(163, 24, 6, '2020-05-23 16:43:56'),
(164, 24, 2, '2020-02-18 03:11:04'),
(165, 21, 7, '2020-01-20 20:16:58'),
(166, 23, 6, '2020-03-28 15:02:17'),
(167, 25, 3, '2020-04-28 03:38:13'),
(168, 25, 2, '2020-01-09 06:22:51'),
(169, 20, 4, '2020-04-20 01:23:55'),
(170, 23, 3, '2020-05-07 22:23:35'),
(171, 24, 3, '2020-04-30 15:57:56'),
(172, 21, 2, '2020-05-30 06:57:23'),
(173, 23, 7, '2020-02-29 22:29:23'),
(174, 23, 3, '2020-04-20 02:03:54'),
(175, 21, 5, '2020-01-22 19:06:23'),
(176, 24, 2, '2020-01-28 04:53:51'),
(177, 21, 4, '2020-02-18 09:40:25'),
(178, 25, 2, '2020-05-21 03:24:35'),
(179, 24, 7, '2020-01-06 12:51:48'),
(180, 22, 7, '2020-02-18 00:12:19'),
(181, 20, 6, '2020-01-24 01:34:55'),
(182, 25, 2, '2020-03-03 22:45:29'),
(183, 20, 3, '2020-05-09 21:45:48'),
(184, 25, 2, '2020-01-22 14:45:23'),
(185, 20, 2, '2020-01-02 10:20:44'),
(186, 22, 4, '2020-05-08 09:31:18'),
(187, 23, 2, '2020-01-27 03:07:11'),
(188, 25, 3, '2020-05-05 01:18:17'),
(189, 25, 5, '2020-02-11 21:08:14'),
(190, 25, 2, '2020-04-09 18:55:04'),
(191, 22, 7, '2020-03-18 18:07:01'),
(192, 20, 6, '2020-04-10 11:28:08'),
(193, 25, 5, '2020-01-15 03:09:10'),
(194, 22, 3, '2020-03-11 06:21:59'),
(195, 21, 5, '2020-01-06 14:28:20'),
(196, 22, 2, '2020-04-30 21:34:04'),
(197, 22, 4, '2020-03-03 06:58:13'),
(198, 21, 2, '2020-04-25 06:24:21'),
(199, 23, 7, '2020-06-06 22:55:59'),
(200, 24, 3, '2020-01-21 10:31:07'),
(201, 20, 7, '2020-03-24 03:15:05'),
(202, 21, 6, '2020-03-28 01:06:48'),
(203, 20, 6, '2020-04-09 05:43:29'),
(204, 20, 4, '2020-01-24 09:22:50'),
(205, 20, 3, '2020-05-12 06:40:34'),
(206, 23, 4, '2020-02-01 10:40:26'),
(207, 24, 5, '2020-02-11 19:52:41'),
(208, 22, 6, '2020-06-14 22:24:11'),
(209, 22, 4, '2020-04-01 19:32:44'),
(210, 25, 3, '2020-06-24 11:38:59'),
(211, 24, 3, '2020-04-05 06:20:53'),
(212, 23, 6, '2020-01-18 06:33:29'),
(213, 21, 4, '2020-05-16 08:11:42'),
(214, 24, 5, '2020-01-30 07:36:08'),
(215, 20, 6, '2020-01-01 09:00:41'),
(216, 23, 6, '2020-05-19 03:25:55'),
(217, 24, 7, '2020-01-07 18:18:20'),
(218, 23, 7, '2020-06-27 11:20:03'),
(219, 22, 5, '2020-06-18 02:20:07'),
(220, 22, 5, '2020-02-02 07:57:02'),
(221, 22, 3, '2020-04-10 09:27:05'),
(222, 21, 6, '2020-01-14 12:16:24'),
(223, 24, 2, '2020-04-21 00:38:10'),
(224, 20, 7, '2020-04-09 11:58:26'),
(225, 23, 6, '2020-05-20 08:19:39'),
(226, 22, 7, '2020-05-02 08:23:09'),
(227, 22, 7, '2020-06-03 13:42:45'),
(228, 21, 5, '2020-01-14 04:09:01'),
(229, 20, 4, '2020-05-22 16:33:26'),
(230, 22, 7, '2020-03-28 20:23:47'),
(231, 24, 4, '2020-05-13 00:32:42'),
(232, 20, 3, '2020-01-24 16:18:02'),
(233, 22, 5, '2020-04-17 07:54:02'),
(234, 21, 3, '2020-04-15 04:26:19'),
(235, 21, 6, '2020-02-24 17:25:22'),
(236, 25, 3, '2020-01-11 20:39:55'),
(237, 22, 6, '2020-03-25 16:26:14'),
(238, 23, 3, '2020-05-06 23:58:39'),
(239, 24, 4, '2020-01-25 04:50:38'),
(240, 22, 4, '2020-04-28 07:47:32'),
(241, 25, 2, '2020-06-27 18:30:14'),
(242, 21, 6, '2020-01-26 13:37:25'),
(243, 25, 5, '2020-05-26 20:45:46'),
(244, 21, 7, '2020-03-15 23:33:05'),
(245, 25, 5, '2020-03-07 01:20:35'),
(246, 21, 4, '2020-03-13 00:44:37'),
(247, 21, 2, '2020-04-24 22:15:54'),
(248, 21, 3, '2020-05-18 07:06:35'),
(249, 25, 5, '2020-01-28 12:45:38'),
(250, 23, 5, '2020-01-02 07:56:40'),
(251, 24, 7, '2020-06-27 11:46:22'),
(252, 23, 4, '2020-02-27 21:29:10'),
(253, 25, 7, '2020-03-22 09:55:27'),
(254, 20, 6, '2020-05-21 02:44:53'),
(255, 25, 6, '2020-05-17 15:23:57'),
(256, 24, 6, '2020-06-20 22:52:08'),
(257, 24, 4, '2020-05-06 13:08:30'),
(258, 25, 4, '2020-03-27 16:04:38'),
(259, 23, 7, '2020-02-12 04:37:29'),
(260, 23, 2, '2020-01-23 07:05:07'),
(261, 24, 2, '2020-05-22 06:18:41'),
(262, 20, 2, '2020-06-20 15:57:45'),
(263, 25, 4, '2020-01-29 03:45:12'),
(264, 22, 7, '2020-04-29 18:05:12'),
(265, 25, 3, '2020-01-24 08:26:10'),
(266, 21, 5, '2020-03-29 00:51:39'),
(267, 21, 2, '2020-03-05 02:01:07'),
(268, 22, 6, '2020-01-25 12:34:51'),
(269, 21, 7, '2020-06-02 03:27:56'),
(270, 23, 5, '2020-03-08 04:58:24'),
(271, 25, 5, '2020-05-08 11:29:47'),
(272, 24, 2, '2020-01-30 19:58:47'),
(273, 23, 7, '2020-05-02 21:43:21'),
(274, 20, 7, '2020-02-21 15:12:19'),
(275, 24, 5, '2020-05-13 18:04:15'),
(276, 23, 5, '2020-04-03 14:52:21'),
(277, 23, 7, '2020-03-01 10:50:06'),
(278, 20, 2, '2020-02-29 18:02:18'),
(279, 25, 2, '2020-04-05 18:41:55'),
(280, 22, 4, '2020-03-14 21:27:14'),
(281, 23, 3, '2020-02-16 03:27:38'),
(282, 22, 4, '2020-04-01 23:14:45'),
(283, 24, 3, '2020-04-03 14:19:00'),
(284, 20, 6, '2020-06-12 15:15:43'),
(285, 22, 7, '2020-02-01 00:38:50'),
(286, 24, 2, '2020-02-23 08:20:59'),
(287, 25, 4, '2020-01-05 11:37:29'),
(288, 25, 2, '2020-02-25 13:33:02'),
(289, 23, 5, '2020-03-16 01:00:35'),
(290, 25, 2, '2020-05-28 11:38:56'),
(291, 21, 5, '2020-01-03 00:42:05'),
(292, 25, 6, '2020-01-11 15:24:34'),
(293, 23, 7, '2020-02-09 02:15:50'),
(294, 22, 6, '2020-05-27 10:00:02'),
(295, 25, 5, '2020-03-16 06:55:33'),
(296, 21, 4, '2020-05-27 16:26:15'),
(297, 20, 4, '2020-01-23 20:18:15'),
(298, 25, 7, '2020-04-20 14:11:59'),
(299, 21, 5, '2020-04-24 19:49:19'),
(300, 23, 5, '2020-02-16 07:57:05'),
(301, 23, 7, '2020-02-12 11:36:02'),
(302, 24, 2, '2020-06-02 20:58:54'),
(303, 23, 6, '2020-02-21 09:30:04'),
(304, 24, 5, '2020-01-07 09:36:30'),
(305, 20, 4, '2020-03-30 13:02:19'),
(306, 24, 5, '2020-03-18 05:42:59'),
(307, 25, 6, '2020-06-21 21:27:34'),
(308, 21, 2, '2020-06-08 02:33:20'),
(309, 24, 2, '2020-05-03 21:44:11'),
(310, 20, 5, '2020-05-24 02:18:13'),
(311, 25, 7, '2020-04-13 03:59:15'),
(312, 24, 5, '2020-04-02 04:31:08'),
(313, 22, 3, '2020-04-06 21:07:29'),
(314, 20, 2, '2020-01-11 18:06:53'),
(315, 25, 7, '2020-03-03 01:03:38'),
(316, 23, 3, '2020-06-19 23:49:47'),
(317, 24, 7, '2020-04-05 06:20:03'),
(318, 21, 4, '2020-03-21 14:59:27'),
(319, 21, 7, '2020-03-12 02:58:29'),
(320, 22, 2, '2020-05-12 12:43:06'),
(321, 23, 3, '2020-03-15 19:37:06'),
(322, 23, 4, '2020-01-17 12:01:29'),
(323, 20, 2, '2020-05-21 15:07:39'),
(324, 20, 5, '2020-06-01 18:41:17'),
(325, 24, 6, '2020-06-12 22:35:51'),
(326, 23, 7, '2020-06-17 19:21:04'),
(327, 20, 5, '2020-02-03 20:47:57'),
(328, 20, 7, '2020-01-03 05:08:57'),
(329, 22, 2, '2020-04-03 14:31:52'),
(330, 20, 4, '2020-06-19 05:13:41'),
(331, 22, 7, '2020-04-17 12:58:04'),
(332, 24, 4, '2020-01-11 11:04:40'),
(333, 20, 3, '2020-03-23 13:02:38'),
(334, 22, 5, '2020-01-24 16:47:15'),
(335, 22, 3, '2020-01-20 01:19:03'),
(336, 24, 6, '2020-03-03 01:13:31'),
(337, 25, 2, '2020-05-27 02:29:13'),
(338, 22, 6, '2020-06-27 17:08:40'),
(339, 24, 3, '2020-02-29 21:28:35'),
(340, 20, 6, '2020-05-01 23:21:45'),
(341, 22, 2, '2020-05-25 00:57:46'),
(342, 23, 7, '2020-05-07 13:53:12'),
(343, 23, 6, '2020-03-29 19:56:04'),
(344, 20, 3, '2020-03-20 07:26:17'),
(345, 20, 4, '2020-06-25 18:24:33'),
(346, 23, 4, '2020-05-06 10:02:35'),
(347, 23, 4, '2020-03-17 23:25:25'),
(348, 24, 3, '2020-05-25 11:51:27'),
(349, 22, 6, '2020-01-16 05:30:03'),
(350, 23, 6, '2020-03-30 03:44:06'),
(351, 24, 3, '2020-04-30 17:02:18'),
(352, 25, 2, '2020-03-14 22:49:37'),
(353, 21, 4, '2020-02-14 09:58:10'),
(354, 25, 4, '2020-05-13 09:03:53'),
(355, 24, 2, '2020-03-31 18:53:55'),
(356, 21, 2, '2020-02-25 15:34:24'),
(357, 22, 2, '2020-05-31 05:42:35'),
(358, 22, 6, '2020-04-29 23:11:16'),
(359, 23, 4, '2020-06-04 23:39:59'),
(360, 23, 4, '2020-05-15 04:20:52'),
(361, 24, 2, '2020-01-13 20:08:51'),
(362, 22, 4, '2020-03-26 05:55:35'),
(363, 24, 7, '2020-05-17 09:00:36'),
(364, 20, 3, '2020-03-09 14:51:16'),
(365, 21, 6, '2020-06-17 13:48:44'),
(366, 20, 6, '2020-04-14 08:22:52'),
(367, 25, 6, '2020-01-05 00:30:14'),
(368, 24, 7, '2020-01-21 06:01:20'),
(369, 23, 2, '2020-06-14 10:35:42'),
(370, 20, 5, '2020-03-08 14:28:25'),
(371, 22, 2, '2020-02-27 12:07:36'),
(372, 20, 3, '2020-06-15 23:22:54'),
(373, 22, 3, '2020-05-05 16:14:31'),
(374, 25, 5, '2020-01-07 16:43:57'),
(375, 20, 6, '2020-06-08 21:52:21'),
(376, 25, 5, '2020-06-14 00:39:25'),
(377, 20, 5, '2020-05-21 14:01:43'),
(378, 22, 2, '2020-05-27 04:14:28'),
(379, 25, 6, '2020-05-22 20:55:00'),
(380, 25, 5, '2020-06-07 10:54:34'),
(381, 20, 3, '2020-02-15 11:08:38'),
(382, 22, 3, '2020-02-13 18:12:15'),
(383, 25, 4, '2020-01-04 11:57:00'),
(384, 20, 2, '2020-05-12 18:15:55'),
(385, 25, 6, '2020-02-29 15:11:17'),
(386, 24, 2, '2020-01-07 09:32:13'),
(387, 22, 6, '2020-06-28 02:01:48'),
(388, 22, 4, '2020-03-02 04:11:33'),
(389, 21, 2, '2020-02-15 19:08:33'),
(390, 20, 7, '2020-06-08 14:31:24'),
(391, 22, 4, '2020-02-04 08:53:18'),
(392, 23, 2, '2020-03-05 09:21:28'),
(393, 20, 4, '2020-02-02 12:39:17'),
(394, 24, 7, '2020-05-12 18:35:12'),
(395, 21, 6, '2020-03-04 12:10:28'),
(396, 25, 6, '2020-01-24 01:06:25'),
(397, 20, 7, '2020-02-28 18:51:44'),
(398, 21, 7, '2020-02-05 01:17:34'),
(399, 23, 5, '2020-01-15 19:03:49'),
(400, 20, 3, '2020-04-06 04:16:52'),
(401, 23, 7, '2020-06-08 13:58:37'),
(402, 20, 4, '2020-04-18 23:13:43'),
(403, 24, 7, '2020-06-06 11:05:17'),
(404, 22, 3, '2020-04-25 19:00:36'),
(405, 20, 2, '2020-05-20 06:34:04'),
(406, 20, 7, '2020-06-03 19:33:43'),
(407, 25, 5, '2020-01-09 08:26:56'),
(408, 22, 3, '2020-02-13 13:40:27'),
(409, 20, 4, '2020-05-22 13:44:13'),
(410, 20, 7, '2020-03-28 21:00:33'),
(411, 22, 7, '2020-02-27 03:12:34'),
(412, 25, 4, '2020-06-06 18:26:55'),
(413, 20, 4, '2020-03-10 16:52:03'),
(414, 20, 4, '2020-03-17 13:34:31'),
(415, 23, 2, '2020-03-16 14:25:48'),
(416, 25, 3, '2020-02-25 17:43:26'),
(417, 25, 2, '2020-06-24 20:34:30'),
(418, 22, 2, '2020-01-26 23:28:51'),
(419, 22, 6, '2020-05-08 04:41:13'),
(420, 25, 6, '2020-04-14 03:05:45'),
(421, 21, 4, '2020-03-13 05:14:25'),
(422, 20, 4, '2020-05-29 10:18:37'),
(423, 20, 4, '2020-05-16 06:22:06'),
(424, 23, 5, '2020-05-21 15:49:29'),
(425, 22, 3, '2020-03-25 17:10:01'),
(426, 23, 3, '2020-04-24 23:17:51'),
(427, 23, 5, '2020-03-03 05:49:03'),
(428, 21, 3, '2020-01-20 11:34:55'),
(429, 24, 2, '2020-01-10 13:24:11'),
(430, 24, 2, '2020-06-13 08:22:49'),
(431, 22, 5, '2020-03-21 10:34:28'),
(432, 22, 3, '2020-01-02 11:54:39'),
(433, 24, 4, '2020-06-21 07:43:29'),
(434, 22, 6, '2020-05-16 23:19:20'),
(435, 22, 6, '2020-02-24 04:43:59'),
(436, 21, 7, '2020-03-10 18:00:14'),
(437, 24, 7, '2020-01-13 12:44:37'),
(438, 25, 5, '2020-01-23 23:50:16'),
(439, 20, 6, '2020-02-28 19:36:51'),
(440, 25, 4, '2020-02-01 13:18:19'),
(441, 21, 3, '2020-05-23 05:08:33'),
(442, 21, 6, '2020-01-31 13:19:07'),
(443, 23, 6, '2020-06-23 20:21:41'),
(444, 20, 7, '2020-06-03 19:59:04'),
(445, 24, 6, '2020-05-12 19:05:15'),
(446, 24, 3, '2020-06-04 18:33:21'),
(447, 23, 5, '2020-02-07 16:39:56'),
(448, 25, 4, '2020-04-14 12:44:35'),
(449, 21, 6, '2020-05-31 19:14:03'),
(450, 23, 3, '2020-02-10 21:49:37'),
(451, 25, 5, '2020-02-08 22:18:47'),
(452, 24, 6, '2020-02-15 16:24:03'),
(453, 20, 7, '2020-01-12 06:37:36'),
(454, 20, 6, '2020-03-25 03:15:19'),
(455, 24, 6, '2020-01-10 17:33:19'),
(456, 21, 2, '2020-02-03 07:08:00'),
(457, 21, 7, '2020-04-07 13:42:00'),
(458, 20, 4, '2020-01-02 05:51:03'),
(459, 23, 7, '2020-04-29 22:44:44'),
(460, 21, 5, '2020-06-12 15:30:27'),
(461, 21, 2, '2020-05-30 02:31:02'),
(462, 20, 2, '2020-03-18 00:15:19'),
(463, 20, 3, '2020-05-07 07:05:52'),
(464, 24, 3, '2020-06-19 11:59:28'),
(465, 21, 2, '2020-02-14 14:52:06'),
(466, 22, 7, '2020-05-28 17:29:19'),
(467, 25, 5, '2020-06-13 17:44:12'),
(468, 23, 4, '2020-03-26 06:20:20'),
(469, 23, 2, '2020-05-05 07:12:55'),
(470, 25, 5, '2020-05-25 00:55:17'),
(471, 22, 3, '2020-02-19 12:50:00'),
(472, 22, 3, '2020-03-11 15:39:50'),
(473, 20, 7, '2020-01-29 10:59:16'),
(474, 20, 5, '2020-02-17 09:30:10'),
(475, 25, 4, '2020-02-15 01:29:02'),
(476, 20, 6, '2020-04-22 00:39:56'),
(477, 21, 3, '2020-01-15 09:33:13'),
(478, 24, 4, '2020-04-08 09:01:50'),
(479, 23, 2, '2020-03-08 18:35:35'),
(480, 20, 4, '2020-04-23 03:12:14'),
(481, 20, 6, '2020-02-06 02:56:38'),
(482, 3, 17, '2020-03-19 03:25:15'),
(483, 2, 13, '2020-03-22 02:38:55'),
(484, 1, 14, '2020-06-22 23:11:28'),
(485, 9, 12, '2020-01-03 18:45:32'),
(486, 2, 12, '2020-05-13 19:18:30'),
(487, 8, 12, '2020-03-17 14:47:27'),
(488, 1, 13, '2020-02-20 19:11:38'),
(489, 4, 14, '2020-04-26 09:20:08'),
(490, 1, 16, '2020-01-08 23:42:07'),
(491, 2, 16, '2020-04-29 21:38:24'),
(492, 6, 16, '2020-06-23 22:43:24'),
(493, 3, 17, '2020-03-10 18:34:58'),
(494, 4, 15, '2020-05-06 20:14:21'),
(495, 7, 14, '2020-01-30 10:44:58'),
(496, 1, 15, '2020-05-19 16:59:29'),
(497, 6, 13, '2020-04-22 04:30:48'),
(498, 8, 15, '2020-06-19 17:31:55'),
(499, 3, 13, '2020-06-27 21:03:19'),
(500, 3, 16, '2020-03-03 00:03:27'),
(501, 8, 16, '2020-02-18 14:02:05'),
(502, 9, 12, '2020-05-23 13:01:35'),
(503, 7, 13, '2020-06-25 17:03:41'),
(504, 7, 13, '2020-05-29 15:39:17'),
(505, 6, 16, '2020-04-07 01:38:33'),
(506, 4, 14, '2020-04-18 20:44:44'),
(507, 9, 15, '2020-02-22 12:52:05'),
(508, 5, 12, '2020-01-27 17:13:13'),
(509, 1, 14, '2020-06-12 00:28:56'),
(510, 7, 16, '2020-06-19 02:35:07'),
(511, 7, 16, '2020-05-31 10:52:38'),
(512, 6, 12, '2020-01-04 10:44:17'),
(513, 4, 12, '2020-02-27 19:13:01'),
(514, 9, 16, '2020-01-03 18:06:24'),
(515, 5, 15, '2020-05-04 09:01:35'),
(516, 6, 17, '2020-03-10 04:53:12'),
(517, 7, 15, '2020-01-31 22:54:21'),
(518, 8, 17, '2020-05-20 05:28:59'),
(519, 4, 13, '2020-03-24 17:45:40'),
(520, 9, 16, '2020-04-16 17:54:37'),
(521, 5, 14, '2020-02-14 05:03:49'),
(522, 4, 14, '2020-05-01 02:56:15'),
(523, 9, 14, '2020-04-25 12:15:59'),
(524, 8, 15, '2020-04-30 01:30:51'),
(525, 5, 15, '2020-02-12 09:51:23'),
(526, 2, 12, '2020-05-09 04:00:19'),
(527, 5, 16, '2020-05-18 05:11:52'),
(528, 8, 13, '2020-04-04 07:13:30'),
(529, 8, 17, '2020-06-21 05:59:56'),
(530, 7, 16, '2020-02-01 22:18:28'),
(531, 1, 14, '2020-02-22 21:25:12'),
(532, 5, 13, '2020-04-27 22:49:39'),
(533, 2, 17, '2020-04-14 17:25:39'),
(534, 4, 14, '2020-03-22 23:11:16'),
(535, 9, 12, '2020-03-18 03:39:48'),
(536, 6, 14, '2020-02-24 03:25:36'),
(537, 8, 12, '2020-05-24 09:38:42'),
(538, 6, 14, '2020-01-05 07:55:51'),
(539, 8, 13, '2020-03-02 13:22:09'),
(540, 1, 13, '2020-03-21 07:09:41'),
(541, 5, 16, '2020-04-09 09:27:51'),
(542, 4, 14, '2020-03-29 17:55:31'),
(543, 2, 12, '2020-03-20 10:46:48'),
(544, 2, 17, '2020-03-31 02:38:39'),
(545, 3, 15, '2020-04-13 02:21:49'),
(546, 8, 14, '2020-01-11 18:57:01'),
(547, 7, 12, '2020-06-25 10:24:14'),
(548, 4, 14, '2020-04-14 21:37:51'),
(549, 8, 15, '2020-02-01 18:23:35'),
(550, 1, 12, '2020-03-18 04:46:40'),
(551, 4, 17, '2020-04-28 12:45:12'),
(552, 7, 13, '2020-01-13 08:15:34'),
(553, 9, 16, '2020-03-09 02:14:49'),
(554, 8, 16, '2020-03-13 10:16:16'),
(555, 2, 15, '2020-01-16 05:36:14'),
(556, 1, 17, '2020-06-01 10:18:59'),
(557, 9, 17, '2020-06-13 03:52:49'),
(558, 1, 13, '2020-04-03 17:53:11'),
(559, 1, 17, '2020-03-29 03:14:05'),
(560, 6, 14, '2020-05-26 04:12:09'),
(561, 7, 12, '2020-03-25 07:16:21'),
(562, 27, 5, '2020-04-01 08:55:43'),
(563, 30, 1, '2020-03-18 20:15:02'),
(564, 26, 6, '2020-06-24 23:36:11'),
(565, 25, 6, '2020-01-08 19:57:37'),
(566, 30, 14, '2020-05-25 16:01:09'),
(567, 27, 14, '2020-05-02 23:56:54'),
(568, 29, 9, '2020-01-28 01:33:36'),
(569, 25, 8, '2020-01-07 01:13:35'),
(570, 25, 16, '2020-02-13 20:01:57'),
(571, 31, 12, '2020-02-18 02:26:30'),
(572, 31, 3, '2020-03-13 01:37:29'),
(573, 29, 13, '2020-06-03 18:18:26'),
(574, 25, 13, '2020-03-22 11:36:11'),
(575, 26, 4, '2020-01-11 13:45:12'),
(576, 31, 14, '2020-01-25 16:44:23'),
(577, 26, 13, '2020-02-17 13:04:03'),
(578, 27, 11, '2020-02-28 18:22:31'),
(579, 29, 13, '2020-04-10 18:46:20'),
(580, 27, 1, '2020-01-12 20:14:18'),
(581, 25, 10, '2020-05-05 00:29:16'),
(582, 30, 12, '2020-04-07 20:13:18'),
(583, 27, 2, '2020-05-04 15:45:01'),
(584, 27, 16, '2020-03-23 19:38:04'),
(585, 25, 14, '2020-06-02 17:11:40'),
(586, 27, 1, '2020-04-26 20:35:49'),
(587, 25, 8, '2020-02-25 09:55:37'),
(588, 30, 14, '2020-01-17 13:50:33'),
(589, 30, 13, '2020-04-17 23:53:45'),
(590, 27, 12, '2020-01-23 08:25:09'),
(591, 29, 16, '2020-03-27 21:24:46'),
(592, 28, 8, '2020-04-20 05:42:10'),
(593, 31, 6, '2020-06-25 02:18:43'),
(594, 30, 16, '2020-04-20 17:32:11'),
(595, 27, 13, '2020-01-18 00:35:18'),
(596, 28, 10, '2020-05-29 12:46:26'),
(597, 31, 10, '2020-01-05 00:37:27'),
(598, 26, 11, '2020-03-15 16:51:57'),
(599, 28, 14, '2020-01-12 03:28:14'),
(600, 26, 5, '2020-05-25 04:41:28'),
(601, 30, 17, '2020-03-02 11:19:25'),
(602, 31, 13, '2020-04-23 21:32:13'),
(603, 27, 3, '2020-06-25 03:43:17'),
(604, 25, 3, '2020-05-21 21:43:48'),
(605, 30, 1, '2020-01-31 05:23:17'),
(606, 31, 1, '2020-03-30 02:53:27'),
(607, 28, 8, '2020-02-08 07:43:06'),
(608, 29, 16, '2020-04-19 03:53:50'),
(609, 29, 4, '2020-06-11 04:53:30'),
(610, 25, 16, '2020-03-25 13:56:50'),
(611, 29, 3, '2020-02-29 15:29:05'),
(612, 27, 1, '2020-01-13 06:07:40'),
(613, 26, 1, '2020-01-22 04:36:47'),
(614, 30, 7, '2020-06-01 06:18:14'),
(615, 31, 3, '2020-05-09 14:57:31'),
(616, 30, 6, '2020-05-04 02:54:13'),
(617, 25, 5, '2020-02-17 05:48:58'),
(618, 30, 14, '2020-03-25 12:18:00'),
(619, 25, 7, '2020-03-26 06:47:43'),
(620, 27, 7, '2020-02-11 09:31:46'),
(621, 29, 10, '2020-06-25 08:46:31'),
(622, 25, 6, '2020-01-18 22:33:21'),
(623, 31, 4, '2020-03-30 03:11:22'),
(624, 31, 6, '2020-06-21 10:57:26'),
(625, 26, 4, '2020-01-16 19:46:26'),
(626, 28, 16, '2020-05-11 00:23:19'),
(627, 30, 5, '2020-03-05 11:20:53'),
(628, 27, 13, '2020-01-23 14:59:42'),
(629, 30, 4, '2020-03-04 23:47:12'),
(630, 25, 7, '2020-03-14 19:05:13'),
(631, 25, 8, '2020-03-28 01:27:41'),
(632, 26, 13, '2020-04-20 04:20:52'),
(633, 29, 6, '2020-03-09 19:56:42'),
(634, 27, 3, '2020-02-24 03:39:11'),
(635, 28, 11, '2020-01-13 18:30:28'),
(636, 27, 1, '2020-02-08 12:32:59'),
(637, 25, 12, '2020-04-02 11:07:55'),
(638, 26, 7, '2020-02-20 17:32:09'),
(639, 31, 10, '2020-03-08 02:14:02'),
(640, 29, 4, '2020-02-04 11:49:09'),
(641, 28, 2, '2020-03-30 08:45:58'),
(642, 28, 3, '2020-02-29 06:09:33'),
(643, 25, 13, '2020-01-25 14:13:55'),
(644, 29, 3, '2020-04-22 08:24:26'),
(645, 29, 8, '2020-06-21 18:19:55'),
(646, 27, 9, '2020-04-03 21:13:26'),
(647, 26, 6, '2020-03-17 20:26:56'),
(648, 25, 16, '2020-03-03 22:29:56'),
(649, 29, 2, '2020-03-29 07:46:39'),
(650, 31, 1, '2020-04-12 15:30:28'),
(651, 31, 10, '2020-03-27 06:54:28'),
(652, 27, 13, '2020-01-20 17:31:55'),
(653, 30, 3, '2020-05-11 14:40:01'),
(654, 30, 6, '2020-01-26 20:14:28'),
(655, 25, 4, '2020-04-21 12:49:59'),
(656, 26, 7, '2020-05-06 18:17:08'),
(657, 29, 5, '2020-05-17 15:16:30'),
(658, 30, 8, '2020-06-07 14:59:09'),
(659, 25, 17, '2020-04-11 12:49:26'),
(660, 27, 9, '2020-05-25 04:43:50'),
(661, 30, 6, '2020-01-19 19:27:13'),
(662, 31, 14, '2020-02-24 18:34:59'),
(663, 28, 7, '2020-06-22 11:49:02'),
(664, 30, 17, '2020-06-05 11:47:31'),
(665, 28, 16, '2020-03-13 21:48:41'),
(666, 29, 14, '2020-01-13 02:10:48'),
(667, 30, 5, '2020-01-16 15:19:49'),
(668, 28, 8, '2020-03-31 02:18:04'),
(669, 26, 15, '2020-04-08 11:28:18'),
(670, 30, 6, '2020-01-19 10:51:12'),
(671, 27, 17, '2020-03-26 03:53:53'),
(672, 31, 13, '2020-05-10 21:22:28'),
(673, 27, 12, '2020-03-12 03:55:49'),
(674, 25, 5, '2020-05-27 06:32:29'),
(675, 25, 2, '2020-01-20 08:30:45'),
(676, 30, 8, '2020-02-20 16:13:38'),
(677, 29, 3, '2020-01-18 13:54:16'),
(678, 30, 14, '2020-04-04 10:26:48'),
(679, 25, 5, '2020-04-13 01:05:27'),
(680, 26, 5, '2020-05-20 10:49:24'),
(681, 29, 8, '2020-05-21 11:00:59'),
(682, 26, 17, '2020-01-03 05:33:09'),
(683, 27, 4, '2020-06-21 12:52:32'),
(684, 31, 6, '2020-03-19 14:48:42'),
(685, 25, 10, '2020-03-24 20:36:23'),
(686, 26, 4, '2020-03-19 20:17:55'),
(687, 26, 1, '2020-06-18 20:51:14'),
(688, 30, 11, '2020-03-09 13:25:31'),
(689, 25, 12, '2020-03-19 11:31:14'),
(690, 26, 8, '2020-05-09 17:42:16'),
(691, 31, 14, '2020-04-22 00:14:24'),
(692, 25, 6, '2020-04-03 01:18:59'),
(693, 31, 3, '2020-01-18 20:35:28'),
(694, 30, 3, '2020-04-06 07:28:03'),
(695, 31, 6, '2020-04-08 13:08:56'),
(696, 26, 11, '2020-04-16 18:25:21'),
(697, 29, 12, '2020-04-29 14:20:16'),
(698, 25, 6, '2020-06-18 19:47:43'),
(699, 31, 14, '2020-04-28 03:17:46'),
(700, 27, 9, '2020-02-14 14:24:07'),
(701, 26, 13, '2020-03-14 00:05:18'),
(702, 25, 17, '2020-02-27 20:48:30'),
(703, 28, 1, '2020-05-05 12:26:16'),
(704, 27, 4, '2020-01-25 14:38:39'),
(705, 29, 13, '2020-05-29 22:34:46'),
(706, 28, 2, '2020-05-29 06:18:01'),
(707, 29, 6, '2020-02-10 16:03:55'),
(708, 31, 10, '2020-05-01 06:41:35'),
(709, 31, 17, '2020-03-06 22:14:33'),
(710, 25, 14, '2020-05-16 04:41:37'),
(711, 27, 11, '2020-03-14 23:13:48'),
(712, 27, 12, '2020-01-21 15:05:50'),
(713, 28, 9, '2020-06-03 08:32:35'),
(714, 26, 7, '2020-02-11 22:40:30'),
(715, 31, 5, '2020-04-10 21:11:19'),
(716, 30, 15, '2020-05-16 14:14:30'),
(717, 28, 16, '2020-02-14 15:19:41'),
(718, 25, 3, '2020-05-22 00:24:42'),
(719, 27, 17, '2020-02-09 22:01:33'),
(720, 27, 13, '2020-02-07 01:39:53'),
(721, 30, 16, '2020-05-15 06:45:18'),
(722, 28, 11, '2020-05-06 04:19:13'),
(723, 27, 1, '2020-05-19 15:03:35'),
(724, 27, 11, '2020-04-03 20:43:22'),
(725, 31, 12, '2020-03-01 14:21:22'),
(726, 29, 5, '2020-05-05 07:05:08'),
(727, 27, 7, '2020-01-07 02:07:51'),
(728, 26, 16, '2020-04-03 14:08:14'),
(729, 25, 17, '2020-06-11 08:05:43'),
(730, 29, 3, '2020-03-28 07:23:26'),
(731, 31, 12, '2020-01-13 08:15:51'),
(732, 31, 2, '2020-04-21 03:22:20'),
(733, 28, 15, '2020-04-21 08:40:47'),
(734, 29, 12, '2020-01-02 04:54:45'),
(735, 30, 3, '2020-02-15 20:54:59'),
(736, 27, 14, '2020-04-19 22:14:29'),
(737, 28, 2, '2020-05-25 19:40:16'),
(738, 28, 2, '2020-06-07 18:43:15'),
(739, 30, 11, '2020-05-14 11:33:44'),
(740, 29, 13, '2020-04-10 00:28:43'),
(741, 29, 5, '2020-06-04 01:45:03'),
(742, 31, 1, '2020-06-17 08:51:14'),
(743, 29, 16, '2020-05-27 08:31:33'),
(744, 31, 10, '2020-05-12 07:59:47'),
(745, 25, 6, '2020-01-06 05:10:18'),
(746, 30, 5, '2020-04-23 20:36:18'),
(747, 28, 3, '2020-03-13 11:07:32'),
(748, 27, 7, '2020-01-24 13:37:33'),
(749, 29, 15, '2020-02-25 15:18:56'),
(750, 26, 11, '2020-04-24 14:53:21'),
(751, 27, 9, '2020-05-02 01:16:47'),
(752, 29, 14, '2020-05-13 12:10:23'),
(753, 29, 11, '2020-06-14 23:16:50'),
(754, 29, 2, '2020-02-10 20:27:25'),
(755, 30, 17, '2020-01-14 08:10:05'),
(756, 27, 4, '2020-02-17 14:39:46'),
(757, 28, 16, '2020-02-18 07:58:17'),
(758, 26, 9, '2020-01-24 20:39:13'),
(759, 28, 10, '2020-06-13 03:58:57'),
(760, 30, 10, '2020-04-04 20:58:57'),
(761, 27, 7, '2020-02-11 22:24:48'),
(762, 29, 1, '2020-02-03 21:40:01'),
(763, 27, 9, '2020-03-26 21:01:56'),
(764, 26, 16, '2020-04-06 19:32:00'),
(765, 31, 10, '2020-03-18 09:38:38'),
(766, 28, 3, '2020-06-15 04:30:26'),
(767, 31, 4, '2020-06-15 15:10:12'),
(768, 30, 10, '2020-01-08 16:39:26'),
(769, 30, 16, '2020-02-14 22:52:07'),
(770, 25, 14, '2020-01-03 16:03:49'),
(771, 31, 5, '2020-02-05 18:54:17'),
(772, 27, 3, '2020-02-05 10:49:54'),
(773, 30, 8, '2020-01-27 02:46:23'),
(774, 30, 12, '2020-02-08 19:47:23'),
(775, 30, 14, '2020-02-09 15:08:54'),
(776, 26, 9, '2020-05-05 14:22:40'),
(777, 31, 2, '2020-05-10 17:21:00'),
(778, 25, 8, '2020-05-21 21:04:14'),
(779, 28, 9, '2020-06-14 07:23:45'),
(780, 27, 17, '2020-01-31 05:00:47'),
(781, 29, 5, '2020-03-08 21:04:43'),
(782, 25, 7, '2020-02-24 07:24:18'),
(783, 30, 12, '2020-05-01 00:54:10'),
(784, 28, 8, '2020-03-23 02:39:36'),
(785, 29, 12, '2020-04-06 02:16:10'),
(786, 25, 13, '2020-04-09 11:18:24'),
(787, 28, 17, '2020-04-01 03:04:27'),
(788, 29, 7, '2020-01-06 13:44:44'),
(789, 25, 1, '2020-02-12 03:10:53'),
(790, 31, 16, '2020-05-02 16:44:25'),
(791, 28, 15, '2020-02-03 17:36:41'),
(792, 31, 16, '2020-05-26 14:04:13'),
(793, 28, 7, '2020-03-12 05:28:48'),
(794, 26, 14, '2020-02-19 18:07:58'),
(795, 30, 5, '2020-03-02 04:54:42'),
(796, 30, 4, '2020-03-01 02:03:34'),
(797, 29, 3, '2020-01-26 19:21:53'),
(798, 29, 16, '2020-02-24 01:38:16'),
(799, 31, 5, '2020-02-16 12:52:54'),
(800, 25, 3, '2020-06-21 15:09:24'),
(801, 28, 6, '2020-06-19 21:59:16'),
(802, 30, 9, '2020-05-11 14:58:36'),
(803, 31, 7, '2020-04-06 18:49:30'),
(804, 28, 15, '2020-04-25 21:56:55'),
(805, 31, 15, '2020-03-02 01:19:04'),
(806, 25, 5, '2020-01-02 23:05:55'),
(807, 28, 14, '2020-02-13 08:39:05'),
(808, 26, 7, '2020-04-11 14:41:10'),
(809, 28, 1, '2020-04-10 23:04:21'),
(810, 25, 13, '2020-04-27 16:36:19'),
(811, 25, 8, '2020-04-02 06:18:02'),
(812, 26, 13, '2020-04-15 17:26:58'),
(813, 29, 8, '2020-02-05 15:09:57'),
(814, 30, 1, '2020-04-08 09:10:58'),
(815, 27, 11, '2020-01-14 16:36:57'),
(816, 30, 5, '2020-03-04 07:40:15'),
(817, 30, 3, '2020-01-30 16:21:27'),
(818, 26, 14, '2020-04-19 10:57:11'),
(819, 31, 7, '2020-06-18 01:00:55'),
(820, 28, 14, '2020-06-14 19:41:15'),
(821, 25, 2, '2020-06-22 17:05:32'),
(822, 31, 16, '2020-01-09 23:05:45'),
(823, 27, 3, '2020-05-18 04:21:23'),
(824, 25, 8, '2020-06-04 17:42:13'),
(825, 29, 9, '2020-05-13 05:46:56'),
(826, 29, 16, '2020-02-16 22:38:43'),
(827, 29, 17, '2020-06-14 01:01:05'),
(828, 27, 3, '2020-03-31 19:40:26'),
(829, 27, 13, '2020-02-26 18:15:07'),
(830, 30, 6, '2020-01-04 13:06:24'),
(831, 29, 6, '2020-02-15 09:42:17'),
(832, 26, 3, '2020-05-07 03:38:34'),
(833, 26, 3, '2020-03-06 10:14:01'),
(834, 29, 17, '2020-04-29 16:34:02'),
(835, 29, 14, '2020-01-25 12:40:11'),
(836, 31, 5, '2020-06-01 23:59:57'),
(837, 31, 10, '2020-01-27 02:45:01'),
(838, 25, 11, '2020-01-04 06:07:09'),
(839, 31, 14, '2020-03-19 09:46:42'),
(840, 26, 4, '2020-02-22 01:02:51'),
(841, 26, 16, '2020-01-11 18:58:50'),
(842, 31, 17, '2020-02-11 22:56:23'),
(843, 29, 15, '2020-02-16 04:55:57'),
(844, 26, 15, '2020-04-12 19:46:01'),
(845, 25, 14, '2020-01-12 15:05:01'),
(846, 29, 10, '2020-01-20 23:39:26'),
(847, 26, 12, '2020-02-11 03:57:48'),
(848, 25, 13, '2020-04-18 14:43:25'),
(849, 29, 14, '2020-01-17 13:42:28'),
(850, 26, 11, '2020-06-21 18:56:50'),
(851, 28, 9, '2020-02-03 01:01:07'),
(852, 31, 1, '2020-02-09 03:10:32'),
(853, 27, 15, '2020-05-02 06:50:23'),
(854, 31, 11, '2020-06-06 11:37:09'),
(855, 26, 13, '2020-06-19 08:52:34'),
(856, 25, 16, '2020-03-30 19:44:44'),
(857, 31, 5, '2020-05-15 23:11:57'),
(858, 27, 16, '2020-01-11 11:47:18'),
(859, 31, 16, '2020-05-15 05:59:08'),
(860, 26, 10, '2020-05-17 19:06:52'),
(861, 27, 16, '2020-05-02 01:06:50'),
(862, 27, 17, '2020-03-12 13:34:44'),
(863, 30, 15, '2020-02-25 09:40:53'),
(864, 25, 4, '2020-04-02 22:34:40'),
(865, 25, 9, '2020-05-14 02:27:31'),
(866, 31, 13, '2020-04-01 11:38:08'),
(867, 30, 14, '2020-05-07 11:48:46'),
(868, 25, 12, '2020-01-12 10:59:21'),
(869, 29, 9, '2020-04-27 09:16:53'),
(870, 30, 16, '2020-03-01 17:01:26'),
(871, 26, 3, '2020-01-06 10:40:08'),
(872, 31, 14, '2020-05-15 21:13:15'),
(873, 30, 15, '2020-05-08 07:59:17'),
(874, 31, 17, '2020-02-26 07:57:46'),
(875, 28, 9, '2020-05-15 04:30:55'),
(876, 29, 7, '2020-01-14 11:47:58'),
(877, 28, 16, '2020-04-03 23:24:51'),
(878, 25, 17, '2020-03-25 20:49:33'),
(879, 30, 3, '2020-01-28 02:01:14'),
(880, 31, 1, '2020-05-22 22:37:34'),
(881, 30, 9, '2020-04-12 03:49:19'),
(882, 29, 9, '2020-05-26 10:27:10'),
(883, 25, 12, '2020-02-23 20:57:27'),
(884, 25, 9, '2020-03-28 02:37:46'),
(885, 27, 4, '2020-06-12 10:46:30'),
(886, 26, 7, '2020-03-19 02:51:12'),
(887, 31, 11, '2020-05-28 06:27:23'),
(888, 28, 16, '2020-05-06 02:04:38'),
(889, 28, 2, '2020-05-04 03:35:15'),
(890, 31, 7, '2020-05-01 17:21:06'),
(891, 30, 14, '2020-01-24 18:56:20'),
(892, 25, 16, '2020-02-22 14:06:51'),
(893, 25, 1, '2020-02-19 03:47:52'),
(894, 25, 12, '2020-02-14 21:59:37'),
(895, 27, 2, '2020-05-30 12:22:31'),
(896, 31, 10, '2020-02-05 15:14:05'),
(897, 30, 13, '2020-06-15 02:44:25'),
(898, 29, 6, '2020-06-19 22:40:40'),
(899, 30, 2, '2020-01-31 13:57:38'),
(900, 27, 3, '2020-03-12 23:55:34'),
(901, 28, 14, '2020-04-03 05:23:34'),
(902, 25, 1, '2020-04-25 04:54:24'),
(903, 25, 2, '2020-03-07 23:59:23'),
(904, 29, 3, '2020-01-08 12:44:03'),
(905, 29, 15, '2020-04-08 15:42:07'),
(906, 27, 2, '2020-02-13 03:57:34'),
(907, 28, 8, '2020-06-15 04:21:00'),
(908, 26, 13, '2020-05-25 13:21:23'),
(909, 25, 8, '2020-02-23 15:10:51'),
(910, 28, 5, '2020-05-02 09:57:04'),
(911, 29, 2, '2020-02-10 23:21:01'),
(912, 28, 13, '2020-05-03 08:16:20'),
(913, 29, 10, '2020-06-09 07:23:56'),
(914, 27, 7, '2020-03-29 23:54:28'),
(915, 30, 6, '2020-01-20 10:28:58'),
(916, 27, 4, '2020-06-09 05:11:54'),
(917, 31, 9, '2020-01-15 08:31:19'),
(918, 25, 3, '2020-03-18 09:12:37'),
(919, 31, 10, '2020-06-19 02:50:05'),
(920, 27, 9, '2020-02-29 18:38:14'),
(921, 26, 6, '2020-02-27 16:41:30'),
(922, 30, 7, '2020-01-15 23:39:43'),
(923, 30, 15, '2020-05-21 02:22:27'),
(924, 29, 4, '2020-01-02 15:27:16'),
(925, 26, 2, '2020-03-25 19:34:11'),
(926, 28, 17, '2020-02-02 18:11:13'),
(927, 29, 4, '2020-02-18 22:30:10'),
(928, 27, 12, '2020-04-23 05:38:21'),
(929, 25, 4, '2020-01-08 02:51:24'),
(930, 25, 9, '2020-03-26 12:40:37'),
(931, 31, 1, '2020-05-10 14:33:24'),
(932, 25, 1, '2020-03-16 11:17:52'),
(933, 26, 17, '2020-05-16 14:37:50'),
(934, 31, 7, '2020-06-12 11:15:35'),
(935, 25, 9, '2020-06-23 05:38:48'),
(936, 25, 14, '2020-03-09 05:11:40'),
(937, 31, 8, '2020-03-09 20:57:08'),
(938, 30, 12, '2020-06-08 15:31:43'),
(939, 28, 5, '2020-04-18 13:08:39'),
(940, 26, 15, '2020-03-19 16:19:30'),
(941, 29, 15, '2020-01-26 18:38:25'),
(942, 27, 11, '2020-05-26 19:40:51'),
(943, 27, 5, '2020-03-30 08:09:29'),
(944, 27, 14, '2020-05-19 09:09:47'),
(945, 26, 6, '2020-02-06 18:17:33'),
(946, 25, 8, '2020-06-11 17:50:25'),
(947, 27, 7, '2020-02-10 10:16:18'),
(948, 28, 8, '2020-06-04 08:41:22'),
(949, 30, 6, '2020-05-01 20:45:41'),
(950, 31, 8, '2020-04-27 22:19:38'),
(951, 31, 4, '2020-02-27 16:48:01'),
(952, 27, 5, '2020-06-11 14:10:16'),
(953, 26, 16, '2020-06-18 12:05:14'),
(954, 25, 6, '2020-06-18 10:59:47'),
(955, 25, 7, '2020-04-22 08:00:43'),
(956, 29, 12, '2020-05-25 23:38:44'),
(957, 25, 5, '2020-02-15 09:06:49'),
(958, 28, 17, '2020-04-13 19:08:56'),
(959, 28, 1, '2020-03-30 13:31:24'),
(960, 27, 5, '2020-02-27 11:32:24'),
(961, 27, 17, '2020-04-25 18:32:16'),
(962, 28, 14, '2020-05-07 01:57:42'),
(963, 31, 7, '2020-03-20 06:48:48'),
(964, 31, 16, '2020-03-04 11:03:03'),
(965, 28, 9, '2020-01-06 20:06:15'),
(966, 29, 3, '2020-06-04 20:28:22'),
(967, 27, 6, '2020-06-27 17:34:05'),
(968, 28, 2, '2020-03-29 04:17:22'),
(969, 27, 7, '2020-03-11 06:34:27'),
(970, 29, 4, '2020-06-13 23:27:42'),
(971, 27, 8, '2020-05-14 04:52:22'),
(972, 30, 4, '2020-04-23 23:28:30'),
(973, 28, 1, '2020-02-20 22:10:30'),
(974, 25, 11, '2020-06-08 13:12:43'),
(975, 29, 12, '2020-02-23 11:42:52'),
(976, 25, 16, '2020-03-16 12:09:19'),
(977, 26, 14, '2020-04-26 03:10:34'),
(978, 30, 5, '2020-03-21 15:57:26'),
(979, 28, 1, '2020-03-27 16:49:09'),
(980, 31, 3, '2020-01-09 23:41:34'),
(981, 30, 1, '2020-03-10 06:25:37'),
(982, 27, 1, '2020-05-31 15:23:36'),
(983, 27, 17, '2020-05-09 09:29:50'),
(984, 31, 8, '2020-01-21 11:30:00'),
(985, 31, 2, '2020-06-24 19:59:52'),
(986, 28, 1, '2020-01-29 21:44:54'),
(987, 26, 10, '2020-04-05 19:18:52'),
(988, 30, 4, '2020-03-26 09:29:21'),
(989, 30, 9, '2020-02-11 21:34:50'),
(990, 28, 2, '2020-04-04 22:38:53'),
(991, 27, 16, '2020-04-02 22:03:34'),
(992, 28, 15, '2020-04-19 18:05:26'),
(993, 30, 9, '2020-02-18 03:23:34'),
(994, 29, 12, '2020-03-01 13:11:48'),
(995, 26, 2, '2020-05-09 15:42:25'),
(996, 29, 12, '2020-06-22 06:03:36'),
(997, 30, 6, '2020-05-03 23:54:03'),
(998, 29, 6, '2020-06-10 00:41:27'),
(999, 27, 17, '2020-03-05 16:10:23'),
(1000, 30, 3, '2020-01-31 14:18:49'),
(1001, 30, 16, '2020-05-01 05:11:43'),
(1002, 28, 3, '2020-05-07 18:13:26'),
(1003, 25, 12, '2020-05-28 22:24:01'),
(1004, 25, 11, '2020-04-25 19:15:13'),
(1005, 31, 5, '2020-04-08 10:07:57'),
(1006, 29, 5, '2020-01-24 03:02:28'),
(1007, 30, 16, '2020-03-23 08:36:01'),
(1008, 25, 17, '2020-02-22 14:50:27'),
(1009, 28, 8, '2020-03-19 22:16:45'),
(1010, 27, 7, '2020-03-02 21:34:46'),
(1011, 25, 4, '2020-06-06 06:54:12'),
(1012, 25, 15, '2020-06-22 23:41:05'),
(1013, 29, 12, '2020-01-29 10:15:32'),
(1014, 25, 16, '2020-02-23 14:14:25'),
(1015, 26, 4, '2020-01-28 11:21:35'),
(1016, 31, 6, '2020-02-19 11:51:18'),
(1017, 25, 7, '2020-01-18 14:20:49'),
(1018, 28, 11, '2020-04-20 17:12:32'),
(1019, 28, 2, '2020-04-12 16:55:01'),
(1020, 25, 9, '2020-03-18 21:31:09'),
(1021, 26, 1, '2020-02-02 20:54:41'),
(1022, 31, 15, '2020-06-10 15:26:43'),
(1023, 29, 16, '2020-01-25 11:50:52'),
(1024, 29, 3, '2020-04-28 15:22:59'),
(1025, 27, 1, '2020-05-23 16:09:40'),
(1026, 25, 6, '2020-04-05 17:58:31'),
(1027, 25, 16, '2020-04-17 22:33:40'),
(1028, 26, 2, '2020-01-14 17:35:36'),
(1029, 30, 6, '2020-03-08 14:00:50'),
(1030, 30, 15, '2020-01-19 22:06:37'),
(1031, 27, 9, '2020-03-05 11:49:13'),
(1032, 27, 4, '2020-03-05 06:54:25'),
(1033, 27, 1, '2020-04-03 03:50:16'),
(1034, 29, 2, '2020-04-26 01:24:49'),
(1035, 25, 15, '2020-02-23 15:02:55'),
(1036, 28, 14, '2020-06-11 02:42:29'),
(1037, 25, 7, '2020-06-18 03:59:25'),
(1038, 25, 15, '2020-03-12 23:10:57'),
(1039, 28, 17, '2020-01-16 13:54:02'),
(1040, 28, 9, '2020-04-05 00:08:59'),
(1041, 27, 3, '2020-06-10 03:28:06');

-- --------------------------------------------------------

--
-- Table structure for table `users`
--

CREATE TABLE `users` (
  `UserID` int(11) NOT NULL,
  `RFID` int(11) NOT NULL,
  `UserName` varchar(45) NOT NULL,
  `Department` varchar(45) DEFAULT NULL
) ENGINE=InnoDB DEFAULT CHARSET=utf8mb4;

--
-- Dumping data for table `users`
--

INSERT INTO `users` (`UserID`, `RFID`, `UserName`, `Department`) VALUES
(1, 1111112345, 'Andy', 'Computer Science'),
(2, 1111112346, 'Obama', 'Marketing'),
(3, 1111112347, 'John', 'Accounting'),
(4, 1111112348, 'Biden', 'HR Management'),
(5, 1111112349, 'Lee Jaramillo', 'Marketing'),
(6, 1111112350, 'Micah Kenny', 'Accounting'),
(7, 1111112351, 'Martha', 'Marketing'),
(8, 1111112352, 'Faizal', 'HR Management'),
(9, 1111112353, 'Patrick', 'Marketing'),
(10, 1111112354, 'Darwin', 'Accounting'),
(11, 1111112355, 'Carly', 'HR Management'),
(12, 1111112356, 'Zeeshan', 'Computer Science'),
(13, 1111112357, 'Leanne', 'Computer Science'),
(14, 1111112358, 'Ferne', 'Computer Science'),
(15, 1111112359, 'Harvey', 'Accounting'),
(16, 1111112360, 'Asher', 'Marketing'),
(17, 1111112361, 'Hayley', 'HR Management'),
(18, 1111112362, 'Mohammed', 'Marketing'),
(19, 1111112363, 'Miller', 'Accounting'),
(20, 1111112364, 'Usman', 'Accounting'),
(21, 1111112365, 'Alan', 'Computer Science'),
(22, 1111112366, 'Cooper', 'Marketing'),
(23, 1111112367, 'Enid', 'HR Management'),
(24, 1111112368, 'Reiner', 'Marketing'),
(25, 1111112369, 'Amir', 'Accounting'),
(26, 1111112370, 'Jay', 'Marketing'),
(27, 1111112371, 'Amelia', 'Computer Science'),
(28, 1111112372, 'Bailey', 'HR Management'),
(29, 1111112373, 'Simran', 'Marketing'),
(30, 1111112374, 'Lawrence', 'Computer Science'),
(31, 1111112375, 'Yi', 'Computer Science');

--
-- Indexes for dumped tables
--

--
-- Indexes for table `reader`
--
ALTER TABLE `reader`
  ADD PRIMARY KEY (`ReaderID`);

--
-- Indexes for table `scans`
--
ALTER TABLE `scans`
  ADD PRIMARY KEY (`ScanID`),
  ADD UNIQUE KEY `ScanID_UNIQUE` (`ScanID`),
  ADD KEY `UserID_idx` (`UserID`),
  ADD KEY `ReaderID_idx` (`ReaderID`);

--
-- Indexes for table `users`
--
ALTER TABLE `users`
  ADD PRIMARY KEY (`UserID`);

--
-- AUTO_INCREMENT for dumped tables
--

--
-- AUTO_INCREMENT for table `reader`
--
ALTER TABLE `reader`
  MODIFY `ReaderID` int(11) NOT NULL AUTO_INCREMENT, AUTO_INCREMENT=18;

--
-- AUTO_INCREMENT for table `scans`
--
ALTER TABLE `scans`
  MODIFY `ScanID` int(10) UNSIGNED NOT NULL AUTO_INCREMENT, AUTO_INCREMENT=1042;

--
-- AUTO_INCREMENT for table `users`
--
ALTER TABLE `users`
  MODIFY `UserID` int(11) NOT NULL AUTO_INCREMENT, AUTO_INCREMENT=32;

--
-- Constraints for dumped tables
--

--
-- Constraints for table `scans`
--
ALTER TABLE `scans`
  ADD CONSTRAINT `ReaderID` FOREIGN KEY (`ReaderID`) REFERENCES `reader` (`ReaderID`) ON DELETE CASCADE ON UPDATE CASCADE,
  ADD CONSTRAINT `UserID` FOREIGN KEY (`UserID`) REFERENCES `users` (`UserID`) ON DELETE CASCADE ON UPDATE CASCADE;
COMMIT;

/*!40101 SET CHARACTER_SET_CLIENT=@OLD_CHARACTER_SET_CLIENT */;
/*!40101 SET CHARACTER_SET_RESULTS=@OLD_CHARACTER_SET_RESULTS */;
/*!40101 SET COLLATION_CONNECTION=@OLD_COLLATION_CONNECTION */;
