-- phpMyAdmin SQL Dump
-- version 5.0.4
-- https://www.phpmyadmin.net/
--
-- Host: 127.0.0.1
-- Generation Time: Mar 10, 2021 at 03:42 PM
-- Server version: 10.4.17-MariaDB
-- PHP Version: 8.0.2

SET SQL_MODE = "NO_AUTO_VALUE_ON_ZERO";
START TRANSACTION;
SET time_zone = "+00:00";


/*!40101 SET @OLD_CHARACTER_SET_CLIENT=@@CHARACTER_SET_CLIENT */;
/*!40101 SET @OLD_CHARACTER_SET_RESULTS=@@CHARACTER_SET_RESULTS */;
/*!40101 SET @OLD_COLLATION_CONNECTION=@@COLLATION_CONNECTION */;
/*!40101 SET NAMES utf8mb4 */;

--
-- Database: `ce299`
--

-- --------------------------------------------------------

--
-- Table structure for table `admins`
--

CREATE TABLE `admins` (
  `id` int(11) NOT NULL,
  `uname` varchar(40) DEFAULT NULL,
  `pass` varchar(255) DEFAULT NULL,
  `salt` varchar(255) DEFAULT NULL
) ENGINE=InnoDB DEFAULT CHARSET=utf8mb4;

--
-- Dumping data for table `admins`
--

INSERT INTO `admins` (`id`, `uname`, `pass`, `salt`) VALUES
(1, 'andy', '732cd6bfe27278acd5475f3be3b0cc582e83e6c31291ad9488c343bc06265ee2088451ac3be65d068522d8d6930efd81796e0d6b6c183ed8f68ff7619a3a95e3', '32cOi'),
(2, 'ioana', '4a6764c5f6a8f1825427848069254cc7dd5939aef54a941b4ec1e0843eb9e85206306b57e1257734da682964afeabda2de991d8a352a2075f9234a5d04972254', 'X0IPr'),
(3, 'mark', '0210a1e1720fffa64386c4519287efdfc14093931f81ad3e5a52d3a5b667cce0e815409c98ab9ea4b2916fcdea189df3c1c0209c76f54c585eb52e6600a0476a', '2RfF6'),
(4, 'joseph', '9c49c9edfc45bc7c2232a60c68577ab12bf7a2166c720eefcd3ffd6e3af7906cb71d170810f0b4bb0d2e0ea9c48639f18340327462074e168e1d036940789c8f', '0GQmb'),
(5, 'bradley', '437881ed7da592b2c82013fdd88e5f40aaf6b0d7db21d2715fef58a86892fb1e94639083384dfb69b1bce849f560637e1ac4efb560c802afc1e985a27d8347ff', 'SaVK7'),
(6, 'yiLow', 'eeb6d598b1227c983094b98d5b3a8bd02125be71501aee9c50fd76fe9439617010de1016ffce4c92108038c02f1bf3b0a5155870a9e38cfe1831e1297dfcc708', 'E3JMY'),
(7, 'rayhang', '5cb6d90f1e10e7742c442c3f7005a07935d6f17a15238f170a207e3d9f2d6e091b03bcc8a381c54704f3186c840da218b6727e900b7c7dda5408604955719daf', 'w3ggC');

-- --------------------------------------------------------

--
-- Table structure for table `form`
--

CREATE TABLE `form` (
  `ID` int(10) UNSIGNED NOT NULL,
  `name` varchar(10) DEFAULT NULL,
  `mail` varchar(20) DEFAULT NULL,
  `subject` varchar(300) DEFAULT NULL
) ENGINE=InnoDB DEFAULT CHARSET=utf8mb4;

--
-- Dumping data for table `form`
--

INSERT INTO `form` (`ID`, `name`, `mail`, `subject`) VALUES
(1, 'Mary', 'mary.brown@email.com', 'I would like to contact you for more details.');

-- --------------------------------------------------------

--
-- Table structure for table `reader`
--

CREATE TABLE `reader` (
  `ReaderID` int(11) NOT NULL,
  `Location` varchar(45) NOT NULL,
  `Floor` int(11) NOT NULL,
  `LastRefill` datetime NOT NULL,
  `PercentageFull` double NOT NULL
) ENGINE=InnoDB DEFAULT CHARSET=utf8mb4;

--
-- Dumping data for table `reader`
--

INSERT INTO `reader` (`ReaderID`, `Location`, `Floor`, `LastRefill`, `PercentageFull`) VALUES
(1, 'Office', 0, '0000-00-00 00:00:00', 0),
(2, 'GF Bathroom M', 0, '0000-00-00 00:00:00', 0),
(3, 'GF Bathroom F', 0, '0000-00-00 00:00:00', 0),
(4, 'GF Hallway 1', 0, '0000-00-00 00:00:00', 0),
(5, 'GF Hallway 2', 0, '0000-00-00 00:00:00', 0),
(6, 'GF Bathroom Disabled', 0, '0000-00-00 00:00:00', 0),
(7, 'Reception', 0, '0000-00-00 00:00:00', 0),
(8, 'FF Bathroom Disabled', 0, '0000-00-00 00:00:00', 0),
(9, 'FF Bathroom M', 0, '0000-00-00 00:00:00', 0),
(10, 'FF Bathroom F', 0, '0000-00-00 00:00:00', 0),
(11, 'SF Bathroom M', 0, '0000-00-00 00:00:00', 0),
(12, 'SF Bathroom F', 0, '0000-00-00 00:00:00', 0),
(13, 'Communal Room', 0, '0000-00-00 00:00:00', 0),
(14, 'FF Hallway 1', 0, '0000-00-00 00:00:00', 0),
(15, 'FF Hallway 2', 0, '0000-00-00 00:00:00', 0),
(16, 'SF Hallway 1', 0, '0000-00-00 00:00:00', 0),
(17, 'SF Hallway 2', 0, '0000-00-00 00:00:00', 0);

-- --------------------------------------------------------

--
-- Table structure for table `scans`
--

CREATE TABLE `scans` (
  `ScanID` int(10) UNSIGNED NOT NULL,
  `UserID` int(11) NOT NULL,
  `ReaderID` int(11) NOT NULL,
  `Scan` datetime NOT NULL
) ENGINE=InnoDB DEFAULT CHARSET=utf8mb4;

--
-- Dumping data for table `scans`
--

INSERT INTO `scans` (`ScanID`, `UserID`, `ReaderID`, `Scan`) VALUES
(7, 1, 1, '2020-11-13 14:53:32'),
(13, 19, 4, '2020-07-28 03:40:28'),
(14, 13, 12, '2020-03-06 11:00:24'),
(15, 28, 2, '2020-10-05 13:40:20'),
(16, 25, 1, '2020-03-09 15:41:08'),
(17, 12, 16, '2020-07-18 00:38:05'),
(18, 10, 9, '2020-07-14 19:26:13'),
(19, 28, 11, '2020-01-26 05:34:43'),
(20, 8, 4, '2020-01-12 09:34:23'),
(21, 4, 3, '2020-09-15 15:12:45'),
(22, 6, 7, '2020-07-05 20:03:08'),
(23, 12, 4, '2020-03-01 13:04:01'),
(24, 5, 4, '2020-04-06 19:32:52'),
(25, 8, 1, '2020-07-22 18:51:06'),
(26, 26, 8, '2020-07-31 07:56:15'),
(27, 9, 3, '2020-07-17 04:57:21'),
(28, 18, 8, '2020-08-23 02:38:21'),
(29, 25, 4, '2020-07-19 02:04:18'),
(30, 17, 1, '2020-03-29 11:19:44'),
(32, 21, 13, '2020-05-24 10:18:26'),
(33, 17, 7, '2020-09-30 05:22:04'),
(34, 18, 12, '2020-11-02 12:29:31'),
(35, 21, 15, '2020-10-23 20:21:43'),
(36, 13, 16, '2020-03-07 22:10:02'),
(37, 5, 15, '2020-08-03 06:33:41'),
(38, 7, 17, '2020-04-25 10:25:03'),
(39, 14, 4, '2020-01-16 07:19:25'),
(40, 24, 8, '2020-05-27 12:01:59'),
(41, 7, 10, '2020-06-25 05:36:23'),
(42, 7, 8, '2020-04-11 02:22:25'),
(43, 5, 8, '2020-01-21 18:24:08'),
(44, 12, 13, '2020-05-06 18:04:18'),
(45, 26, 9, '2020-07-04 04:53:59'),
(46, 12, 8, '2020-06-09 18:52:35'),
(47, 5, 3, '2020-04-03 21:35:11'),
(48, 16, 12, '2020-07-04 10:51:05'),
(49, 14, 10, '2020-09-09 16:51:50'),
(50, 23, 1, '2020-01-26 12:36:53'),
(52, 4, 4, '2020-11-26 07:07:07'),
(53, 29, 7, '2020-11-22 18:59:57'),
(54, 1, 16, '2020-01-03 04:41:55'),
(55, 20, 8, '2020-02-27 15:02:48'),
(56, 10, 4, '2020-10-07 11:03:27'),
(57, 1, 12, '2020-03-30 12:43:04'),
(58, 9, 8, '2020-01-03 07:41:26'),
(59, 6, 16, '2020-07-12 19:01:15'),
(60, 6, 7, '2020-07-16 09:13:21'),
(61, 8, 8, '2020-11-29 08:40:00'),
(62, 12, 13, '2020-04-13 11:00:28'),
(63, 8, 16, '2020-01-09 01:56:58'),
(64, 7, 16, '2020-04-24 16:17:26'),
(65, 1, 12, '2020-07-24 18:38:57'),
(66, 19, 17, '2020-08-19 13:17:50'),
(67, 15, 6, '2020-09-01 17:35:38'),
(68, 5, 5, '2020-06-07 09:04:08'),
(69, 7, 13, '2020-08-10 10:26:06'),
(70, 21, 3, '2020-06-20 04:23:06'),
(71, 21, 3, '2020-03-17 20:58:11'),
(72, 30, 6, '2020-07-24 14:30:05'),
(74, 10, 8, '2020-05-25 17:50:15'),
(75, 16, 4, '2020-02-29 17:56:56'),
(76, 1, 2, '2020-05-08 12:50:18'),
(77, 6, 11, '2020-12-30 08:54:48'),
(78, 9, 13, '2020-01-18 14:31:01'),
(79, 10, 10, '2020-03-03 14:40:25'),
(80, 19, 8, '2020-10-13 21:22:55'),
(81, 1, 1, '2020-07-09 14:57:28'),
(83, 23, 3, '2020-09-07 01:57:37'),
(84, 22, 5, '2020-07-29 05:53:47'),
(85, 10, 10, '2020-11-07 20:46:28'),
(86, 22, 12, '2020-08-02 22:57:20'),
(87, 26, 17, '2020-06-23 20:54:23'),
(88, 14, 16, '2020-09-20 19:01:59'),
(89, 23, 8, '2020-12-25 01:28:58'),
(90, 15, 11, '2020-04-25 05:22:16'),
(91, 8, 16, '2020-03-16 13:30:57'),
(92, 24, 8, '2020-11-23 07:25:56'),
(93, 3, 3, '2020-08-06 20:46:30'),
(94, 9, 8, '2020-10-17 03:37:34'),
(95, 7, 16, '2020-06-26 03:04:41'),
(96, 10, 12, '2020-01-05 19:44:01'),
(98, 11, 8, '2020-01-07 07:50:24'),
(99, 12, 11, '2020-01-02 08:48:28'),
(100, 30, 1, '2020-10-22 11:35:26'),
(101, 6, 1, '2020-08-21 04:54:44'),
(102, 9, 9, '2020-07-05 01:58:24'),
(103, 20, 9, '2020-02-03 06:29:45'),
(104, 1, 11, '2020-09-05 15:39:56'),
(105, 3, 12, '2020-02-03 02:07:27'),
(106, 25, 9, '2020-06-09 00:18:36'),
(107, 2, 14, '2020-08-23 22:11:46'),
(108, 9, 17, '2020-06-17 16:50:57'),
(109, 30, 12, '2020-10-23 00:38:05'),
(110, 26, 1, '2020-10-12 12:54:38'),
(111, 21, 8, '2020-12-10 04:10:24'),
(112, 21, 17, '2020-03-05 22:13:04'),
(113, 25, 13, '2020-01-15 16:16:14'),
(116, 8, 5, '2020-05-25 00:56:11'),
(117, 10, 6, '2020-09-07 00:24:33'),
(118, 13, 7, '2020-10-27 04:49:26'),
(119, 11, 8, '2020-10-02 00:42:41'),
(120, 13, 6, '2020-02-25 02:47:03'),
(121, 9, 6, '2020-01-10 01:51:10'),
(122, 8, 7, '2020-05-18 06:35:50'),
(123, 15, 4, '2020-02-19 15:16:58'),
(124, 17, 9, '2020-03-01 16:05:39'),
(125, 18, 3, '2020-03-10 05:07:12'),
(126, 20, 8, '2020-06-05 14:36:03'),
(127, 20, 7, '2020-10-30 04:21:50'),
(128, 11, 5, '2020-06-30 19:03:52'),
(129, 10, 9, '2020-11-17 21:38:01'),
(130, 18, 5, '2020-10-29 17:57:12'),
(131, 12, 6, '2020-09-17 07:09:13'),
(132, 10, 3, '2020-05-23 22:39:37'),
(133, 12, 7, '2020-02-27 00:48:24'),
(134, 13, 7, '2020-11-25 04:50:48'),
(135, 13, 9, '2020-03-16 11:11:13'),
(136, 10, 3, '2020-04-15 19:18:40'),
(137, 17, 3, '2020-11-26 22:07:37'),
(138, 9, 8, '2020-09-30 19:21:14'),
(139, 14, 3, '2020-04-30 05:37:36'),
(140, 13, 5, '2020-08-27 13:03:25'),
(141, 20, 7, '2020-10-04 13:53:06'),
(142, 16, 3, '2020-12-17 06:28:15'),
(143, 19, 7, '2020-12-31 08:58:49'),
(144, 19, 6, '2020-12-03 02:18:39'),
(145, 17, 7, '2020-03-10 16:36:01'),
(148, 2, 2, '2020-11-27 16:05:19'),
(149, 26, 10, '2020-11-27 16:55:53'),
(150, 14, 3, '2020-12-02 16:35:26'),
(151, 1, 1, '2021-02-05 11:31:52'),
(152, 25, 2, '2020-05-22 06:16:59'),
(153, 20, 3, '2020-06-24 02:23:02'),
(154, 24, 6, '2020-01-23 20:02:50'),
(155, 23, 7, '2020-04-09 05:16:09'),
(156, 21, 2, '2020-02-11 09:08:14'),
(157, 20, 4, '2020-04-03 13:09:29'),
(158, 25, 3, '2020-03-11 12:09:26'),
(159, 25, 4, '2020-04-29 21:13:30'),
(160, 25, 3, '2020-06-01 20:28:56'),
(161, 22, 3, '2020-06-05 20:14:49'),
(162, 23, 2, '2020-03-18 14:26:47'),
(163, 24, 6, '2020-05-23 16:43:56'),
(164, 24, 2, '2020-02-18 03:11:04'),
(165, 21, 7, '2020-01-20 20:16:58'),
(166, 23, 6, '2020-03-28 15:02:17'),
(167, 25, 3, '2020-04-28 03:38:13'),
(168, 25, 2, '2020-01-09 06:22:51'),
(169, 20, 4, '2020-04-20 01:23:55'),
(170, 23, 3, '2020-05-07 22:23:35'),
(171, 24, 3, '2020-04-30 15:57:56'),
(172, 21, 2, '2020-05-30 06:57:23'),
(173, 23, 7, '2020-02-29 22:29:23'),
(174, 23, 3, '2020-04-20 02:03:54'),
(175, 21, 5, '2020-01-22 19:06:23'),
(176, 24, 2, '2020-01-28 04:53:51'),
(177, 21, 4, '2020-02-18 09:40:25'),
(178, 25, 2, '2020-05-21 03:24:35'),
(179, 24, 7, '2020-01-06 12:51:48'),
(180, 22, 7, '2020-02-18 00:12:19'),
(181, 20, 6, '2020-01-24 01:34:55'),
(182, 25, 2, '2020-03-03 22:45:29'),
(183, 20, 3, '2020-05-09 21:45:48'),
(184, 25, 2, '2020-01-22 14:45:23'),
(185, 20, 2, '2020-01-02 10:20:44'),
(186, 22, 4, '2020-05-08 09:31:18'),
(187, 23, 2, '2020-01-27 03:07:11'),
(188, 25, 3, '2020-05-05 01:18:17'),
(189, 25, 5, '2020-02-11 21:08:14'),
(190, 25, 2, '2020-04-09 18:55:04'),
(191, 22, 7, '2020-03-18 18:07:01'),
(192, 20, 6, '2020-04-10 11:28:08'),
(193, 25, 5, '2020-01-15 03:09:10'),
(194, 22, 3, '2020-03-11 06:21:59'),
(195, 21, 5, '2020-01-06 14:28:20'),
(196, 22, 2, '2020-04-30 21:34:04'),
(197, 22, 4, '2020-03-03 06:58:13'),
(198, 21, 2, '2020-04-25 06:24:21'),
(199, 23, 7, '2020-06-06 22:55:59'),
(200, 24, 3, '2020-01-21 10:31:07'),
(201, 20, 7, '2020-03-24 03:15:05'),
(202, 21, 6, '2020-03-28 01:06:48'),
(203, 20, 6, '2020-04-09 05:43:29'),
(204, 20, 4, '2020-01-24 09:22:50'),
(205, 20, 3, '2020-05-12 06:40:34'),
(206, 23, 4, '2020-02-01 10:40:26'),
(207, 24, 5, '2020-02-11 19:52:41'),
(208, 22, 6, '2020-06-14 22:24:11'),
(209, 22, 4, '2020-04-01 19:32:44'),
(210, 25, 3, '2020-06-24 11:38:59'),
(211, 24, 3, '2020-04-05 06:20:53'),
(212, 23, 6, '2020-01-18 06:33:29'),
(213, 21, 4, '2020-05-16 08:11:42'),
(214, 24, 5, '2020-01-30 07:36:08'),
(215, 20, 6, '2020-01-01 09:00:41'),
(216, 23, 6, '2020-05-19 03:25:55'),
(217, 24, 7, '2020-01-07 18:18:20'),
(218, 23, 7, '2020-06-27 11:20:03'),
(219, 22, 5, '2020-06-18 02:20:07'),
(220, 22, 5, '2020-02-02 07:57:02'),
(221, 22, 3, '2020-04-10 09:27:05'),
(222, 21, 6, '2020-01-14 12:16:24'),
(223, 24, 2, '2020-04-21 00:38:10'),
(224, 20, 7, '2020-04-09 11:58:26'),
(225, 23, 6, '2020-05-20 08:19:39'),
(226, 22, 7, '2020-05-02 08:23:09'),
(227, 22, 7, '2020-06-03 13:42:45'),
(228, 21, 5, '2020-01-14 04:09:01'),
(229, 20, 4, '2020-05-22 16:33:26'),
(230, 22, 7, '2020-03-28 20:23:47'),
(231, 24, 4, '2020-05-13 00:32:42'),
(232, 20, 3, '2020-01-24 16:18:02'),
(233, 22, 5, '2020-04-17 07:54:02'),
(234, 21, 3, '2020-04-15 04:26:19'),
(235, 21, 6, '2020-02-24 17:25:22'),
(236, 25, 3, '2020-01-11 20:39:55'),
(237, 22, 6, '2020-03-25 16:26:14'),
(238, 23, 3, '2020-05-06 23:58:39'),
(239, 24, 4, '2020-01-25 04:50:38'),
(240, 22, 4, '2020-04-28 07:47:32'),
(241, 25, 2, '2020-06-27 18:30:14'),
(242, 21, 6, '2020-01-26 13:37:25'),
(243, 25, 5, '2020-05-26 20:45:46'),
(244, 21, 7, '2020-03-15 23:33:05'),
(245, 25, 5, '2020-03-07 01:20:35'),
(246, 21, 4, '2020-03-13 00:44:37'),
(247, 21, 2, '2020-04-24 22:15:54'),
(248, 21, 3, '2020-05-18 07:06:35'),
(249, 25, 5, '2020-01-28 12:45:38'),
(250, 23, 5, '2020-01-02 07:56:40'),
(251, 24, 7, '2020-06-27 11:46:22'),
(252, 23, 4, '2020-02-27 21:29:10'),
(253, 25, 7, '2020-03-22 09:55:27'),
(254, 20, 6, '2020-05-21 02:44:53'),
(255, 25, 6, '2020-05-17 15:23:57'),
(256, 24, 6, '2020-06-20 22:52:08'),
(257, 24, 4, '2020-05-06 13:08:30'),
(258, 25, 4, '2020-03-27 16:04:38'),
(259, 23, 7, '2020-02-12 04:37:29'),
(260, 23, 2, '2020-01-23 07:05:07'),
(261, 24, 2, '2020-05-22 06:18:41'),
(262, 20, 2, '2020-06-20 15:57:45'),
(263, 25, 4, '2020-01-29 03:45:12'),
(264, 22, 7, '2020-04-29 18:05:12'),
(265, 25, 3, '2020-01-24 08:26:10'),
(266, 21, 5, '2020-03-29 00:51:39'),
(267, 21, 2, '2020-03-05 02:01:07'),
(268, 22, 6, '2020-01-25 12:34:51'),
(269, 21, 7, '2020-06-02 03:27:56'),
(270, 23, 5, '2020-03-08 04:58:24'),
(271, 25, 5, '2020-05-08 11:29:47'),
(272, 24, 2, '2020-01-30 19:58:47'),
(273, 23, 7, '2020-05-02 21:43:21'),
(274, 20, 7, '2020-02-21 15:12:19'),
(275, 24, 5, '2020-05-13 18:04:15'),
(276, 23, 5, '2020-04-03 14:52:21'),
(277, 23, 7, '2020-03-01 10:50:06'),
(278, 20, 2, '2020-02-29 18:02:18'),
(279, 25, 2, '2020-04-05 18:41:55'),
(280, 22, 4, '2020-03-14 21:27:14'),
(281, 23, 3, '2020-02-16 03:27:38'),
(282, 22, 4, '2020-04-01 23:14:45'),
(283, 24, 3, '2020-04-03 14:19:00'),
(284, 20, 6, '2020-06-12 15:15:43'),
(285, 22, 7, '2020-02-01 00:38:50'),
(286, 24, 2, '2020-02-23 08:20:59'),
(287, 25, 4, '2020-01-05 11:37:29'),
(288, 25, 2, '2020-02-25 13:33:02'),
(289, 23, 5, '2020-03-16 01:00:35'),
(290, 25, 2, '2020-05-28 11:38:56'),
(291, 21, 5, '2020-01-03 00:42:05'),
(292, 25, 6, '2020-01-11 15:24:34'),
(293, 23, 7, '2020-02-09 02:15:50'),
(294, 22, 6, '2020-05-27 10:00:02'),
(295, 25, 5, '2020-03-16 06:55:33'),
(296, 21, 4, '2020-05-27 16:26:15'),
(297, 20, 4, '2020-01-23 20:18:15'),
(298, 25, 7, '2020-04-20 14:11:59'),
(299, 21, 5, '2020-04-24 19:49:19'),
(300, 23, 5, '2020-02-16 07:57:05'),
(301, 23, 7, '2020-02-12 11:36:02'),
(302, 24, 2, '2020-06-02 20:58:54'),
(303, 23, 6, '2020-02-21 09:30:04'),
(304, 24, 5, '2020-01-07 09:36:30'),
(305, 20, 4, '2020-03-30 13:02:19'),
(306, 24, 5, '2020-03-18 05:42:59'),
(307, 25, 6, '2020-06-21 21:27:34'),
(308, 21, 2, '2020-06-08 02:33:20'),
(309, 24, 2, '2020-05-03 21:44:11'),
(310, 20, 5, '2020-05-24 02:18:13'),
(311, 25, 7, '2020-04-13 03:59:15'),
(312, 24, 5, '2020-04-02 04:31:08'),
(313, 22, 3, '2020-04-06 21:07:29'),
(314, 20, 2, '2020-01-11 18:06:53'),
(315, 25, 7, '2020-03-03 01:03:38'),
(316, 23, 3, '2020-06-19 23:49:47'),
(317, 24, 7, '2020-04-05 06:20:03'),
(318, 21, 4, '2020-03-21 14:59:27'),
(319, 21, 7, '2020-03-12 02:58:29'),
(320, 22, 2, '2020-05-12 12:43:06'),
(321, 23, 3, '2020-03-15 19:37:06'),
(322, 23, 4, '2020-01-17 12:01:29'),
(323, 20, 2, '2020-05-21 15:07:39'),
(324, 20, 5, '2020-06-01 18:41:17'),
(325, 24, 6, '2020-06-12 22:35:51'),
(326, 23, 7, '2020-06-17 19:21:04'),
(327, 20, 5, '2020-02-03 20:47:57'),
(328, 20, 7, '2020-01-03 05:08:57'),
(329, 22, 2, '2020-04-03 14:31:52'),
(330, 20, 4, '2020-06-19 05:13:41'),
(331, 22, 7, '2020-04-17 12:58:04'),
(332, 24, 4, '2020-01-11 11:04:40'),
(333, 20, 3, '2020-03-23 13:02:38'),
(334, 22, 5, '2020-01-24 16:47:15'),
(335, 22, 3, '2020-01-20 01:19:03'),
(336, 24, 6, '2020-03-03 01:13:31'),
(337, 25, 2, '2020-05-27 02:29:13'),
(338, 22, 6, '2020-06-27 17:08:40'),
(339, 24, 3, '2020-02-29 21:28:35'),
(340, 20, 6, '2020-05-01 23:21:45'),
(341, 22, 2, '2020-05-25 00:57:46'),
(342, 23, 7, '2020-05-07 13:53:12'),
(343, 23, 6, '2020-03-29 19:56:04'),
(344, 20, 3, '2020-03-20 07:26:17'),
(345, 20, 4, '2020-06-25 18:24:33'),
(346, 23, 4, '2020-05-06 10:02:35'),
(347, 23, 4, '2020-03-17 23:25:25'),
(348, 24, 3, '2020-05-25 11:51:27'),
(349, 22, 6, '2020-01-16 05:30:03'),
(350, 23, 6, '2020-03-30 03:44:06'),
(351, 24, 3, '2020-04-30 17:02:18'),
(352, 25, 2, '2020-03-14 22:49:37'),
(353, 21, 4, '2020-02-14 09:58:10'),
(354, 25, 4, '2020-05-13 09:03:53'),
(355, 24, 2, '2020-03-31 18:53:55'),
(356, 21, 2, '2020-02-25 15:34:24'),
(357, 22, 2, '2020-05-31 05:42:35'),
(358, 22, 6, '2020-04-29 23:11:16'),
(359, 23, 4, '2020-06-04 23:39:59'),
(360, 23, 4, '2020-05-15 04:20:52'),
(361, 24, 2, '2020-01-13 20:08:51'),
(362, 22, 4, '2020-03-26 05:55:35'),
(363, 24, 7, '2020-05-17 09:00:36'),
(364, 20, 3, '2020-03-09 14:51:16'),
(365, 21, 6, '2020-06-17 13:48:44'),
(366, 20, 6, '2020-04-14 08:22:52'),
(367, 25, 6, '2020-01-05 00:30:14'),
(368, 24, 7, '2020-01-21 06:01:20'),
(369, 23, 2, '2020-06-14 10:35:42'),
(370, 20, 5, '2020-03-08 14:28:25'),
(371, 22, 2, '2020-02-27 12:07:36'),
(372, 20, 3, '2020-06-15 23:22:54'),
(373, 22, 3, '2020-05-05 16:14:31'),
(374, 25, 5, '2020-01-07 16:43:57'),
(375, 20, 6, '2020-06-08 21:52:21'),
(376, 25, 5, '2020-06-14 00:39:25'),
(377, 20, 5, '2020-05-21 14:01:43'),
(378, 22, 2, '2020-05-27 04:14:28'),
(379, 25, 6, '2020-05-22 20:55:00'),
(380, 25, 5, '2020-06-07 10:54:34'),
(381, 20, 3, '2020-02-15 11:08:38'),
(382, 22, 3, '2020-02-13 18:12:15'),
(383, 25, 4, '2020-01-04 11:57:00'),
(384, 20, 2, '2020-05-12 18:15:55'),
(385, 25, 6, '2020-02-29 15:11:17'),
(386, 24, 2, '2020-01-07 09:32:13'),
(387, 22, 6, '2020-06-28 02:01:48'),
(388, 22, 4, '2020-03-02 04:11:33'),
(389, 21, 2, '2020-02-15 19:08:33'),
(390, 20, 7, '2020-06-08 14:31:24'),
(391, 22, 4, '2020-02-04 08:53:18'),
(392, 23, 2, '2020-03-05 09:21:28'),
(393, 20, 4, '2020-02-02 12:39:17'),
(394, 24, 7, '2020-05-12 18:35:12'),
(395, 21, 6, '2020-03-04 12:10:28'),
(396, 25, 6, '2020-01-24 01:06:25'),
(397, 20, 7, '2020-02-28 18:51:44'),
(398, 21, 7, '2020-02-05 01:17:34'),
(399, 23, 5, '2020-01-15 19:03:49'),
(400, 20, 3, '2020-04-06 04:16:52'),
(401, 23, 7, '2020-06-08 13:58:37'),
(402, 20, 4, '2020-04-18 23:13:43'),
(403, 24, 7, '2020-06-06 11:05:17'),
(404, 22, 3, '2020-04-25 19:00:36'),
(405, 20, 2, '2020-05-20 06:34:04'),
(406, 20, 7, '2020-06-03 19:33:43'),
(407, 25, 5, '2020-01-09 08:26:56'),
(408, 22, 3, '2020-02-13 13:40:27'),
(409, 20, 4, '2020-05-22 13:44:13'),
(410, 20, 7, '2020-03-28 21:00:33'),
(411, 22, 7, '2020-02-27 03:12:34'),
(412, 25, 4, '2020-06-06 18:26:55'),
(413, 20, 4, '2020-03-10 16:52:03'),
(414, 20, 4, '2020-03-17 13:34:31'),
(415, 23, 2, '2020-03-16 14:25:48'),
(416, 25, 3, '2020-02-25 17:43:26'),
(417, 25, 2, '2020-06-24 20:34:30'),
(418, 22, 2, '2020-01-26 23:28:51'),
(419, 22, 6, '2020-05-08 04:41:13'),
(420, 25, 6, '2020-04-14 03:05:45'),
(421, 21, 4, '2020-03-13 05:14:25'),
(422, 20, 4, '2020-05-29 10:18:37'),
(423, 20, 4, '2020-05-16 06:22:06'),
(424, 23, 5, '2020-05-21 15:49:29'),
(425, 22, 3, '2020-03-25 17:10:01'),
(426, 23, 3, '2020-04-24 23:17:51'),
(427, 23, 5, '2020-03-03 05:49:03'),
(428, 21, 3, '2020-01-20 11:34:55'),
(429, 24, 2, '2020-01-10 13:24:11'),
(430, 24, 2, '2020-06-13 08:22:49'),
(431, 22, 5, '2020-03-21 10:34:28'),
(432, 22, 3, '2020-01-02 11:54:39'),
(433, 24, 4, '2020-06-21 07:43:29'),
(434, 22, 6, '2020-05-16 23:19:20'),
(435, 22, 6, '2020-02-24 04:43:59'),
(436, 21, 7, '2020-03-10 18:00:14'),
(437, 24, 7, '2020-01-13 12:44:37'),
(438, 25, 5, '2020-01-23 23:50:16'),
(439, 20, 6, '2020-02-28 19:36:51'),
(440, 25, 4, '2020-02-01 13:18:19'),
(441, 21, 3, '2020-05-23 05:08:33'),
(442, 21, 6, '2020-01-31 13:19:07'),
(443, 23, 6, '2020-06-23 20:21:41'),
(444, 20, 7, '2020-06-03 19:59:04'),
(445, 24, 6, '2020-05-12 19:05:15'),
(446, 24, 3, '2020-06-04 18:33:21'),
(447, 23, 5, '2020-02-07 16:39:56'),
(448, 25, 4, '2020-04-14 12:44:35'),
(449, 21, 6, '2020-05-31 19:14:03'),
(450, 23, 3, '2020-02-10 21:49:37'),
(451, 25, 5, '2020-02-08 22:18:47'),
(452, 24, 6, '2020-02-15 16:24:03'),
(453, 20, 7, '2020-01-12 06:37:36'),
(454, 20, 6, '2020-03-25 03:15:19'),
(455, 24, 6, '2020-01-10 17:33:19'),
(456, 21, 2, '2020-02-03 07:08:00'),
(457, 21, 7, '2020-04-07 13:42:00'),
(458, 20, 4, '2020-01-02 05:51:03'),
(459, 23, 7, '2020-04-29 22:44:44'),
(460, 21, 5, '2020-06-12 15:30:27'),
(461, 21, 2, '2020-05-30 02:31:02'),
(462, 20, 2, '2020-03-18 00:15:19'),
(463, 20, 3, '2020-05-07 07:05:52'),
(464, 24, 3, '2020-06-19 11:59:28'),
(465, 21, 2, '2020-02-14 14:52:06'),
(466, 22, 7, '2020-05-28 17:29:19'),
(467, 25, 5, '2020-06-13 17:44:12'),
(468, 23, 4, '2020-03-26 06:20:20'),
(469, 23, 2, '2020-05-05 07:12:55'),
(470, 25, 5, '2020-05-25 00:55:17'),
(471, 22, 3, '2020-02-19 12:50:00'),
(472, 22, 3, '2020-03-11 15:39:50'),
(473, 20, 7, '2020-01-29 10:59:16'),
(474, 20, 5, '2020-02-17 09:30:10'),
(475, 25, 4, '2020-02-15 01:29:02'),
(476, 20, 6, '2020-04-22 00:39:56'),
(477, 21, 3, '2020-01-15 09:33:13'),
(478, 24, 4, '2020-04-08 09:01:50'),
(479, 23, 2, '2020-03-08 18:35:35'),
(480, 20, 4, '2020-04-23 03:12:14'),
(481, 20, 6, '2020-02-06 02:56:38'),
(482, 3, 17, '2020-03-19 03:25:15'),
(483, 2, 13, '2020-03-22 02:38:55'),
(484, 1, 14, '2020-06-22 23:11:28'),
(485, 9, 12, '2020-01-03 18:45:32'),
(486, 2, 12, '2020-05-13 19:18:30'),
(487, 8, 12, '2020-03-17 14:47:27'),
(488, 1, 13, '2020-02-20 19:11:38'),
(489, 4, 14, '2020-04-26 09:20:08'),
(490, 1, 16, '2020-01-08 23:42:07'),
(491, 2, 16, '2020-04-29 21:38:24'),
(492, 6, 16, '2020-06-23 22:43:24'),
(493, 3, 17, '2020-03-10 18:34:58'),
(494, 4, 15, '2020-05-06 20:14:21'),
(495, 7, 14, '2020-01-30 10:44:58'),
(496, 1, 15, '2020-05-19 16:59:29'),
(497, 6, 13, '2020-04-22 04:30:48'),
(498, 8, 15, '2020-06-19 17:31:55'),
(499, 3, 13, '2020-06-27 21:03:19'),
(500, 3, 16, '2020-03-03 00:03:27'),
(501, 8, 16, '2020-02-18 14:02:05'),
(502, 9, 12, '2020-05-23 13:01:35'),
(503, 7, 13, '2020-06-25 17:03:41'),
(504, 7, 13, '2020-05-29 15:39:17'),
(505, 6, 16, '2020-04-07 01:38:33'),
(506, 4, 14, '2020-04-18 20:44:44'),
(507, 9, 15, '2020-02-22 12:52:05'),
(508, 5, 12, '2020-01-27 17:13:13'),
(509, 1, 14, '2020-06-12 00:28:56'),
(510, 7, 16, '2020-06-19 02:35:07'),
(511, 7, 16, '2020-05-31 10:52:38'),
(512, 6, 12, '2020-01-04 10:44:17'),
(513, 4, 12, '2020-02-27 19:13:01'),
(514, 9, 16, '2020-01-03 18:06:24'),
(515, 5, 15, '2020-05-04 09:01:35'),
(516, 6, 17, '2020-03-10 04:53:12'),
(517, 7, 15, '2020-01-31 22:54:21'),
(518, 8, 17, '2020-05-20 05:28:59'),
(519, 4, 13, '2020-03-24 17:45:40'),
(520, 9, 16, '2020-04-16 17:54:37'),
(521, 5, 14, '2020-02-14 05:03:49'),
(522, 4, 14, '2020-05-01 02:56:15'),
(523, 9, 14, '2020-04-25 12:15:59'),
(524, 8, 15, '2020-04-30 01:30:51'),
(525, 5, 15, '2020-02-12 09:51:23'),
(526, 2, 12, '2020-05-09 04:00:19'),
(527, 5, 16, '2020-05-18 05:11:52'),
(528, 8, 13, '2020-04-04 07:13:30'),
(529, 8, 17, '2020-06-21 05:59:56'),
(530, 7, 16, '2020-02-01 22:18:28'),
(531, 1, 14, '2020-02-22 21:25:12'),
(532, 5, 13, '2020-04-27 22:49:39'),
(533, 2, 17, '2020-04-14 17:25:39'),
(534, 4, 14, '2020-03-22 23:11:16'),
(535, 9, 12, '2020-03-18 03:39:48'),
(536, 6, 14, '2020-02-24 03:25:36'),
(537, 8, 12, '2020-05-24 09:38:42'),
(538, 6, 14, '2020-01-05 07:55:51'),
(539, 8, 13, '2020-03-02 13:22:09'),
(540, 1, 13, '2020-03-21 07:09:41'),
(541, 5, 16, '2020-04-09 09:27:51'),
(542, 4, 14, '2020-03-29 17:55:31'),
(543, 2, 12, '2020-03-20 10:46:48'),
(544, 2, 17, '2020-03-31 02:38:39'),
(545, 3, 15, '2020-04-13 02:21:49'),
(546, 8, 14, '2020-01-11 18:57:01'),
(547, 7, 12, '2020-06-25 10:24:14'),
(548, 4, 14, '2020-04-14 21:37:51'),
(549, 8, 15, '2020-02-01 18:23:35'),
(550, 1, 12, '2020-03-18 04:46:40'),
(551, 4, 17, '2020-04-28 12:45:12'),
(552, 7, 13, '2020-01-13 08:15:34'),
(553, 9, 16, '2020-03-09 02:14:49'),
(554, 8, 16, '2020-03-13 10:16:16'),
(555, 2, 15, '2020-01-16 05:36:14'),
(556, 1, 17, '2020-06-01 10:18:59'),
(557, 9, 17, '2020-06-13 03:52:49'),
(558, 1, 13, '2020-04-03 17:53:11'),
(559, 1, 17, '2020-03-29 03:14:05'),
(560, 6, 14, '2020-05-26 04:12:09'),
(561, 7, 12, '2020-03-25 07:16:21'),
(562, 27, 5, '2020-04-01 08:55:43'),
(563, 30, 1, '2020-03-18 20:15:02'),
(564, 26, 6, '2020-06-24 23:36:11'),
(565, 25, 6, '2020-01-08 19:57:37'),
(566, 30, 14, '2020-05-25 16:01:09'),
(567, 27, 14, '2020-05-02 23:56:54'),
(568, 29, 9, '2020-01-28 01:33:36'),
(569, 25, 8, '2020-01-07 01:13:35'),
(570, 25, 16, '2020-02-13 20:01:57'),
(571, 31, 12, '2020-02-18 02:26:30'),
(572, 31, 3, '2020-03-13 01:37:29'),
(573, 29, 13, '2020-06-03 18:18:26'),
(574, 25, 13, '2020-03-22 11:36:11'),
(575, 26, 4, '2020-01-11 13:45:12'),
(576, 31, 14, '2020-01-25 16:44:23'),
(577, 26, 13, '2020-02-17 13:04:03'),
(578, 27, 11, '2020-02-28 18:22:31'),
(579, 29, 13, '2020-04-10 18:46:20'),
(580, 27, 1, '2020-01-12 20:14:18'),
(581, 25, 10, '2020-05-05 00:29:16'),
(582, 30, 12, '2020-04-07 20:13:18'),
(583, 27, 2, '2020-05-04 15:45:01'),
(584, 27, 16, '2020-03-23 19:38:04'),
(585, 25, 14, '2020-06-02 17:11:40'),
(586, 27, 1, '2020-04-26 20:35:49'),
(587, 25, 8, '2020-02-25 09:55:37'),
(588, 30, 14, '2020-01-17 13:50:33'),
(589, 30, 13, '2020-04-17 23:53:45'),
(590, 27, 12, '2020-01-23 08:25:09'),
(591, 29, 16, '2020-03-27 21:24:46'),
(592, 28, 8, '2020-04-20 05:42:10'),
(593, 31, 6, '2020-06-25 02:18:43'),
(594, 30, 16, '2020-04-20 17:32:11'),
(595, 27, 13, '2020-01-18 00:35:18'),
(596, 28, 10, '2020-05-29 12:46:26'),
(597, 31, 10, '2020-01-05 00:37:27'),
(598, 26, 11, '2020-03-15 16:51:57'),
(599, 28, 14, '2020-01-12 03:28:14'),
(600, 26, 5, '2020-05-25 04:41:28'),
(601, 30, 17, '2020-03-02 11:19:25'),
(602, 31, 13, '2020-04-23 21:32:13'),
(603, 27, 3, '2020-06-25 03:43:17'),
(604, 25, 3, '2020-05-21 21:43:48'),
(605, 30, 1, '2020-01-31 05:23:17'),
(606, 31, 1, '2020-03-30 02:53:27'),
(607, 28, 8, '2020-02-08 07:43:06'),
(608, 29, 16, '2020-04-19 03:53:50'),
(609, 29, 4, '2020-06-11 04:53:30'),
(610, 25, 16, '2020-03-25 13:56:50'),
(611, 29, 3, '2020-02-29 15:29:05'),
(612, 27, 1, '2020-01-13 06:07:40'),
(613, 26, 1, '2020-01-22 04:36:47'),
(614, 30, 7, '2020-06-01 06:18:14'),
(615, 31, 3, '2020-05-09 14:57:31'),
(616, 30, 6, '2020-05-04 02:54:13'),
(617, 25, 5, '2020-02-17 05:48:58'),
(618, 30, 14, '2020-03-25 12:18:00'),
(619, 25, 7, '2020-03-26 06:47:43'),
(620, 27, 7, '2020-02-11 09:31:46'),
(621, 29, 10, '2020-06-25 08:46:31'),
(622, 25, 6, '2020-01-18 22:33:21'),
(623, 31, 4, '2020-03-30 03:11:22'),
(624, 31, 6, '2020-06-21 10:57:26'),
(625, 26, 4, '2020-01-16 19:46:26'),
(626, 28, 16, '2020-05-11 00:23:19'),
(627, 30, 5, '2020-03-05 11:20:53'),
(628, 27, 13, '2020-01-23 14:59:42'),
(629, 30, 4, '2020-03-04 23:47:12'),
(630, 25, 7, '2020-03-14 19:05:13'),
(631, 25, 8, '2020-03-28 01:27:41'),
(632, 26, 13, '2020-04-20 04:20:52'),
(633, 29, 6, '2020-03-09 19:56:42'),
(634, 27, 3, '2020-02-24 03:39:11'),
(635, 28, 11, '2020-01-13 18:30:28'),
(636, 27, 1, '2020-02-08 12:32:59'),
(637, 25, 12, '2020-04-02 11:07:55'),
(638, 26, 7, '2020-02-20 17:32:09'),
(639, 31, 10, '2020-03-08 02:14:02'),
(640, 29, 4, '2020-02-04 11:49:09'),
(641, 28, 2, '2020-03-30 08:45:58'),
(642, 28, 3, '2020-02-29 06:09:33'),
(643, 25, 13, '2020-01-25 14:13:55'),
(644, 29, 3, '2020-04-22 08:24:26'),
(645, 29, 8, '2020-06-21 18:19:55'),
(646, 27, 9, '2020-04-03 21:13:26'),
(647, 26, 6, '2020-03-17 20:26:56'),
(648, 25, 16, '2020-03-03 22:29:56'),
(649, 29, 2, '2020-03-29 07:46:39'),
(650, 31, 1, '2020-04-12 15:30:28'),
(651, 31, 10, '2020-03-27 06:54:28'),
(652, 27, 13, '2020-01-20 17:31:55'),
(653, 30, 3, '2020-05-11 14:40:01'),
(654, 30, 6, '2020-01-26 20:14:28'),
(655, 25, 4, '2020-04-21 12:49:59'),
(656, 26, 7, '2020-05-06 18:17:08'),
(657, 29, 5, '2020-05-17 15:16:30'),
(658, 30, 8, '2020-06-07 14:59:09'),
(659, 25, 17, '2020-04-11 12:49:26'),
(660, 27, 9, '2020-05-25 04:43:50'),
(661, 30, 6, '2020-01-19 19:27:13'),
(662, 31, 14, '2020-02-24 18:34:59'),
(663, 28, 7, '2020-06-22 11:49:02'),
(664, 30, 17, '2020-06-05 11:47:31'),
(665, 28, 16, '2020-03-13 21:48:41'),
(666, 29, 14, '2020-01-13 02:10:48'),
(667, 30, 5, '2020-01-16 15:19:49'),
(668, 28, 8, '2020-03-31 02:18:04'),
(669, 26, 15, '2020-04-08 11:28:18'),
(670, 30, 6, '2020-01-19 10:51:12'),
(671, 27, 17, '2020-03-26 03:53:53'),
(672, 31, 13, '2020-05-10 21:22:28'),
(673, 27, 12, '2020-03-12 03:55:49'),
(674, 25, 5, '2020-05-27 06:32:29'),
(675, 25, 2, '2020-01-20 08:30:45'),
(676, 30, 8, '2020-02-20 16:13:38'),
(677, 29, 3, '2020-01-18 13:54:16'),
(678, 30, 14, '2020-04-04 10:26:48'),
(679, 25, 5, '2020-04-13 01:05:27'),
(680, 26, 5, '2020-05-20 10:49:24'),
(681, 29, 8, '2020-05-21 11:00:59'),
(682, 26, 17, '2020-01-03 05:33:09'),
(683, 27, 4, '2020-06-21 12:52:32'),
(684, 31, 6, '2020-03-19 14:48:42'),
(685, 25, 10, '2020-03-24 20:36:23'),
(686, 26, 4, '2020-03-19 20:17:55'),
(687, 26, 1, '2020-06-18 20:51:14'),
(688, 30, 11, '2020-03-09 13:25:31'),
(689, 25, 12, '2020-03-19 11:31:14'),
(690, 26, 8, '2020-05-09 17:42:16'),
(691, 31, 14, '2020-04-22 00:14:24'),
(692, 25, 6, '2020-04-03 01:18:59'),
(693, 31, 3, '2020-01-18 20:35:28'),
(694, 30, 3, '2020-04-06 07:28:03'),
(695, 31, 6, '2020-04-08 13:08:56'),
(696, 26, 11, '2020-04-16 18:25:21'),
(697, 29, 12, '2020-04-29 14:20:16'),
(698, 25, 6, '2020-06-18 19:47:43'),
(699, 31, 14, '2020-04-28 03:17:46'),
(700, 27, 9, '2020-02-14 14:24:07'),
(701, 26, 13, '2020-03-14 00:05:18'),
(702, 25, 17, '2020-02-27 20:48:30'),
(703, 28, 1, '2020-05-05 12:26:16'),
(704, 27, 4, '2020-01-25 14:38:39'),
(705, 29, 13, '2020-05-29 22:34:46'),
(706, 28, 2, '2020-05-29 06:18:01'),
(707, 29, 6, '2020-02-10 16:03:55'),
(708, 31, 10, '2020-05-01 06:41:35'),
(709, 31, 17, '2020-03-06 22:14:33'),
(710, 25, 14, '2020-05-16 04:41:37'),
(711, 27, 11, '2020-03-14 23:13:48'),
(712, 27, 12, '2020-01-21 15:05:50'),
(713, 28, 9, '2020-06-03 08:32:35'),
(714, 26, 7, '2020-02-11 22:40:30'),
(715, 31, 5, '2020-04-10 21:11:19'),
(716, 30, 15, '2020-05-16 14:14:30'),
(717, 28, 16, '2020-02-14 15:19:41'),
(718, 25, 3, '2020-05-22 00:24:42'),
(719, 27, 17, '2020-02-09 22:01:33'),
(720, 27, 13, '2020-02-07 01:39:53'),
(721, 30, 16, '2020-05-15 06:45:18'),
(722, 28, 11, '2020-05-06 04:19:13'),
(723, 27, 1, '2020-05-19 15:03:35'),
(724, 27, 11, '2020-04-03 20:43:22'),
(725, 31, 12, '2020-03-01 14:21:22'),
(726, 29, 5, '2020-05-05 07:05:08'),
(727, 27, 7, '2020-01-07 02:07:51'),
(728, 26, 16, '2020-04-03 14:08:14'),
(729, 25, 17, '2020-06-11 08:05:43'),
(730, 29, 3, '2020-03-28 07:23:26'),
(731, 31, 12, '2020-01-13 08:15:51'),
(732, 31, 2, '2020-04-21 03:22:20'),
(733, 28, 15, '2020-04-21 08:40:47'),
(734, 29, 12, '2020-01-02 04:54:45'),
(735, 30, 3, '2020-02-15 20:54:59'),
(736, 27, 14, '2020-04-19 22:14:29'),
(737, 28, 2, '2020-05-25 19:40:16'),
(738, 28, 2, '2020-06-07 18:43:15'),
(739, 30, 11, '2020-05-14 11:33:44'),
(740, 29, 13, '2020-04-10 00:28:43'),
(741, 29, 5, '2020-06-04 01:45:03'),
(742, 31, 1, '2020-06-17 08:51:14'),
(743, 29, 16, '2020-05-27 08:31:33'),
(744, 31, 10, '2020-05-12 07:59:47'),
(745, 25, 6, '2020-01-06 05:10:18'),
(746, 30, 5, '2020-04-23 20:36:18'),
(747, 28, 3, '2020-03-13 11:07:32'),
(748, 27, 7, '2020-01-24 13:37:33'),
(749, 29, 15, '2020-02-25 15:18:56'),
(750, 26, 11, '2020-04-24 14:53:21'),
(751, 27, 9, '2020-05-02 01:16:47'),
(752, 29, 14, '2020-05-13 12:10:23'),
(753, 29, 11, '2020-06-14 23:16:50'),
(754, 29, 2, '2020-02-10 20:27:25'),
(755, 30, 17, '2020-01-14 08:10:05'),
(756, 27, 4, '2020-02-17 14:39:46'),
(757, 28, 16, '2020-02-18 07:58:17'),
(758, 26, 9, '2020-01-24 20:39:13'),
(759, 28, 10, '2020-06-13 03:58:57'),
(760, 30, 10, '2020-04-04 20:58:57'),
(761, 27, 7, '2020-02-11 22:24:48'),
(762, 29, 1, '2020-02-03 21:40:01'),
(763, 27, 9, '2020-03-26 21:01:56'),
(764, 26, 16, '2020-04-06 19:32:00'),
(765, 31, 10, '2020-03-18 09:38:38'),
(766, 28, 3, '2020-06-15 04:30:26'),
(767, 31, 4, '2020-06-15 15:10:12'),
(768, 30, 10, '2020-01-08 16:39:26'),
(769, 30, 16, '2020-02-14 22:52:07'),
(770, 25, 14, '2020-01-03 16:03:49'),
(771, 31, 5, '2020-02-05 18:54:17'),
(772, 27, 3, '2020-02-05 10:49:54'),
(773, 30, 8, '2020-01-27 02:46:23'),
(774, 30, 12, '2020-02-08 19:47:23'),
(775, 30, 14, '2020-02-09 15:08:54'),
(776, 26, 9, '2020-05-05 14:22:40'),
(777, 31, 2, '2020-05-10 17:21:00'),
(778, 25, 8, '2020-05-21 21:04:14'),
(779, 28, 9, '2020-06-14 07:23:45'),
(780, 27, 17, '2020-01-31 05:00:47'),
(781, 29, 5, '2020-03-08 21:04:43'),
(782, 25, 7, '2020-02-24 07:24:18'),
(783, 30, 12, '2020-05-01 00:54:10'),
(784, 28, 8, '2020-03-23 02:39:36'),
(785, 29, 12, '2020-04-06 02:16:10'),
(786, 25, 13, '2020-04-09 11:18:24'),
(787, 28, 17, '2020-04-01 03:04:27'),
(788, 29, 7, '2020-01-06 13:44:44'),
(789, 25, 1, '2020-02-12 03:10:53'),
(790, 31, 16, '2020-05-02 16:44:25'),
(791, 28, 15, '2020-02-03 17:36:41'),
(792, 31, 16, '2020-05-26 14:04:13'),
(793, 28, 7, '2020-03-12 05:28:48'),
(794, 26, 14, '2020-02-19 18:07:58'),
(795, 30, 5, '2020-03-02 04:54:42'),
(796, 30, 4, '2020-03-01 02:03:34'),
(797, 29, 3, '2020-01-26 19:21:53'),
(798, 29, 16, '2020-02-24 01:38:16'),
(799, 31, 5, '2020-02-16 12:52:54'),
(800, 25, 3, '2020-06-21 15:09:24'),
(801, 28, 6, '2020-06-19 21:59:16'),
(802, 30, 9, '2020-05-11 14:58:36'),
(803, 31, 7, '2020-04-06 18:49:30'),
(804, 28, 15, '2020-04-25 21:56:55'),
(805, 31, 15, '2020-03-02 01:19:04'),
(806, 25, 5, '2020-01-02 23:05:55'),
(807, 28, 14, '2020-02-13 08:39:05'),
(808, 26, 7, '2020-04-11 14:41:10'),
(809, 28, 1, '2020-04-10 23:04:21'),
(810, 25, 13, '2020-04-27 16:36:19'),
(811, 25, 8, '2020-04-02 06:18:02'),
(812, 26, 13, '2020-04-15 17:26:58'),
(813, 29, 8, '2020-02-05 15:09:57'),
(814, 30, 1, '2020-04-08 09:10:58'),
(815, 27, 11, '2020-01-14 16:36:57'),
(816, 30, 5, '2020-03-04 07:40:15'),
(817, 30, 3, '2020-01-30 16:21:27'),
(818, 26, 14, '2020-04-19 10:57:11'),
(819, 31, 7, '2020-06-18 01:00:55'),
(820, 28, 14, '2020-06-14 19:41:15'),
(821, 25, 2, '2020-06-22 17:05:32'),
(822, 31, 16, '2020-01-09 23:05:45'),
(823, 27, 3, '2020-05-18 04:21:23'),
(824, 25, 8, '2020-06-04 17:42:13'),
(825, 29, 9, '2020-05-13 05:46:56'),
(826, 29, 16, '2020-02-16 22:38:43'),
(827, 29, 17, '2020-06-14 01:01:05'),
(828, 27, 3, '2020-03-31 19:40:26'),
(829, 27, 13, '2020-02-26 18:15:07'),
(830, 30, 6, '2020-01-04 13:06:24'),
(831, 29, 6, '2020-02-15 09:42:17'),
(832, 26, 3, '2020-05-07 03:38:34'),
(833, 26, 3, '2020-03-06 10:14:01'),
(834, 29, 17, '2020-04-29 16:34:02'),
(835, 29, 14, '2020-01-25 12:40:11'),
(836, 31, 5, '2020-06-01 23:59:57'),
(837, 31, 10, '2020-01-27 02:45:01'),
(838, 25, 11, '2020-01-04 06:07:09'),
(839, 31, 14, '2020-03-19 09:46:42'),
(840, 26, 4, '2020-02-22 01:02:51'),
(841, 26, 16, '2020-01-11 18:58:50'),
(842, 31, 17, '2020-02-11 22:56:23'),
(843, 29, 15, '2020-02-16 04:55:57'),
(844, 26, 15, '2020-04-12 19:46:01'),
(845, 25, 14, '2020-01-12 15:05:01'),
(846, 29, 10, '2020-01-20 23:39:26'),
(847, 26, 12, '2020-02-11 03:57:48'),
(848, 25, 13, '2020-04-18 14:43:25'),
(849, 29, 14, '2020-01-17 13:42:28'),
(850, 26, 11, '2020-06-21 18:56:50'),
(851, 28, 9, '2020-02-03 01:01:07'),
(852, 31, 1, '2020-02-09 03:10:32'),
(853, 27, 15, '2020-05-02 06:50:23'),
(854, 31, 11, '2020-06-06 11:37:09'),
(855, 26, 13, '2020-06-19 08:52:34'),
(856, 25, 16, '2020-03-30 19:44:44'),
(857, 31, 5, '2020-05-15 23:11:57'),
(858, 27, 16, '2020-01-11 11:47:18'),
(859, 31, 16, '2020-05-15 05:59:08'),
(860, 26, 10, '2020-05-17 19:06:52'),
(861, 27, 16, '2020-05-02 01:06:50'),
(862, 27, 17, '2020-03-12 13:34:44'),
(863, 30, 15, '2020-02-25 09:40:53'),
(864, 25, 4, '2020-04-02 22:34:40'),
(865, 25, 9, '2020-05-14 02:27:31'),
(866, 31, 13, '2020-04-01 11:38:08'),
(867, 30, 14, '2020-05-07 11:48:46'),
(868, 25, 12, '2020-01-12 10:59:21'),
(869, 29, 9, '2020-04-27 09:16:53'),
(870, 30, 16, '2020-03-01 17:01:26'),
(871, 26, 3, '2020-01-06 10:40:08'),
(872, 31, 14, '2020-05-15 21:13:15'),
(873, 30, 15, '2020-05-08 07:59:17'),
(874, 31, 17, '2020-02-26 07:57:46'),
(875, 28, 9, '2020-05-15 04:30:55'),
(876, 29, 7, '2020-01-14 11:47:58'),
(877, 28, 16, '2020-04-03 23:24:51'),
(878, 25, 17, '2020-03-25 20:49:33'),
(879, 30, 3, '2020-01-28 02:01:14'),
(880, 31, 1, '2020-05-22 22:37:34'),
(881, 30, 9, '2020-04-12 03:49:19'),
(882, 29, 9, '2020-05-26 10:27:10'),
(883, 25, 12, '2020-02-23 20:57:27'),
(884, 25, 9, '2020-03-28 02:37:46'),
(885, 27, 4, '2020-06-12 10:46:30'),
(886, 26, 7, '2020-03-19 02:51:12'),
(887, 31, 11, '2020-05-28 06:27:23'),
(888, 28, 16, '2020-05-06 02:04:38'),
(889, 28, 2, '2020-05-04 03:35:15'),
(890, 31, 7, '2020-05-01 17:21:06'),
(891, 30, 14, '2020-01-24 18:56:20'),
(892, 25, 16, '2020-02-22 14:06:51'),
(893, 25, 1, '2020-02-19 03:47:52'),
(894, 25, 12, '2020-02-14 21:59:37'),
(895, 27, 2, '2020-05-30 12:22:31'),
(896, 31, 10, '2020-02-05 15:14:05'),
(897, 30, 13, '2020-06-15 02:44:25'),
(898, 29, 6, '2020-06-19 22:40:40'),
(899, 30, 2, '2020-01-31 13:57:38'),
(900, 27, 3, '2020-03-12 23:55:34'),
(901, 28, 14, '2020-04-03 05:23:34'),
(902, 25, 1, '2020-04-25 04:54:24'),
(903, 25, 2, '2020-03-07 23:59:23'),
(904, 29, 3, '2020-01-08 12:44:03'),
(905, 29, 15, '2020-04-08 15:42:07'),
(906, 27, 2, '2020-02-13 03:57:34'),
(907, 28, 8, '2020-06-15 04:21:00'),
(908, 26, 13, '2020-05-25 13:21:23'),
(909, 25, 8, '2020-02-23 15:10:51'),
(910, 28, 5, '2020-05-02 09:57:04'),
(911, 29, 2, '2020-02-10 23:21:01'),
(912, 28, 13, '2020-05-03 08:16:20'),
(913, 29, 10, '2020-06-09 07:23:56'),
(914, 27, 7, '2020-03-29 23:54:28'),
(915, 30, 6, '2020-01-20 10:28:58'),
(916, 27, 4, '2020-06-09 05:11:54'),
(917, 31, 9, '2020-01-15 08:31:19'),
(918, 25, 3, '2020-03-18 09:12:37'),
(919, 31, 10, '2020-06-19 02:50:05'),
(920, 27, 9, '2020-02-29 18:38:14'),
(921, 26, 6, '2020-02-27 16:41:30'),
(922, 30, 7, '2020-01-15 23:39:43'),
(923, 30, 15, '2020-05-21 02:22:27'),
(924, 29, 4, '2020-01-02 15:27:16'),
(925, 26, 2, '2020-03-25 19:34:11'),
(926, 28, 17, '2020-02-02 18:11:13'),
(927, 29, 4, '2020-02-18 22:30:10'),
(928, 27, 12, '2020-04-23 05:38:21'),
(929, 25, 4, '2020-01-08 02:51:24'),
(930, 25, 9, '2020-03-26 12:40:37'),
(931, 31, 1, '2020-05-10 14:33:24'),
(932, 25, 1, '2020-03-16 11:17:52'),
(933, 26, 17, '2020-05-16 14:37:50'),
(934, 31, 7, '2020-06-12 11:15:35'),
(935, 25, 9, '2020-06-23 05:38:48'),
(936, 25, 14, '2020-03-09 05:11:40'),
(937, 31, 8, '2020-03-09 20:57:08'),
(938, 30, 12, '2020-06-08 15:31:43'),
(939, 28, 5, '2020-04-18 13:08:39'),
(940, 26, 15, '2020-03-19 16:19:30'),
(941, 29, 15, '2020-01-26 18:38:25'),
(942, 27, 11, '2020-05-26 19:40:51'),
(943, 27, 5, '2020-03-30 08:09:29'),
(944, 27, 14, '2020-05-19 09:09:47'),
(945, 26, 6, '2020-02-06 18:17:33'),
(946, 25, 8, '2020-06-11 17:50:25'),
(947, 27, 7, '2020-02-10 10:16:18'),
(948, 28, 8, '2020-06-04 08:41:22'),
(949, 30, 6, '2020-05-01 20:45:41'),
(950, 31, 8, '2020-04-27 22:19:38'),
(951, 31, 4, '2020-02-27 16:48:01'),
(952, 27, 5, '2020-06-11 14:10:16'),
(953, 26, 16, '2020-06-18 12:05:14'),
(954, 25, 6, '2020-06-18 10:59:47'),
(955, 25, 7, '2020-04-22 08:00:43'),
(956, 29, 12, '2020-05-25 23:38:44'),
(957, 25, 5, '2020-02-15 09:06:49'),
(958, 28, 17, '2020-04-13 19:08:56'),
(959, 28, 1, '2020-03-30 13:31:24'),
(960, 27, 5, '2020-02-27 11:32:24'),
(961, 27, 17, '2020-04-25 18:32:16'),
(962, 28, 14, '2020-05-07 01:57:42'),
(963, 31, 7, '2020-03-20 06:48:48'),
(964, 31, 16, '2020-03-04 11:03:03'),
(965, 28, 9, '2020-01-06 20:06:15'),
(966, 29, 3, '2020-06-04 20:28:22'),
(967, 27, 6, '2020-06-27 17:34:05'),
(968, 28, 2, '2020-03-29 04:17:22'),
(969, 27, 7, '2020-03-11 06:34:27'),
(970, 29, 4, '2020-06-13 23:27:42'),
(971, 27, 8, '2020-05-14 04:52:22'),
(972, 30, 4, '2020-04-23 23:28:30'),
(973, 28, 1, '2020-02-20 22:10:30'),
(974, 25, 11, '2020-06-08 13:12:43'),
(975, 29, 12, '2020-02-23 11:42:52'),
(976, 25, 16, '2020-03-16 12:09:19'),
(977, 26, 14, '2020-04-26 03:10:34'),
(978, 30, 5, '2020-03-21 15:57:26'),
(979, 28, 1, '2020-03-27 16:49:09'),
(980, 31, 3, '2020-01-09 23:41:34'),
(981, 30, 1, '2020-03-10 06:25:37'),
(982, 27, 1, '2020-05-31 15:23:36'),
(983, 27, 17, '2020-05-09 09:29:50'),
(984, 31, 8, '2020-01-21 11:30:00'),
(985, 31, 2, '2020-06-24 19:59:52'),
(986, 28, 1, '2020-01-29 21:44:54'),
(987, 26, 10, '2020-04-05 19:18:52'),
(988, 30, 4, '2020-03-26 09:29:21'),
(989, 30, 9, '2020-02-11 21:34:50'),
(990, 28, 2, '2020-04-04 22:38:53'),
(991, 27, 16, '2020-04-02 22:03:34'),
(992, 28, 15, '2020-04-19 18:05:26'),
(993, 30, 9, '2020-02-18 03:23:34'),
(994, 29, 12, '2020-03-01 13:11:48'),
(995, 26, 2, '2020-05-09 15:42:25'),
(996, 29, 12, '2020-06-22 06:03:36'),
(997, 30, 6, '2020-05-03 23:54:03'),
(998, 29, 6, '2020-06-10 00:41:27'),
(999, 27, 17, '2020-03-05 16:10:23'),
(1000, 30, 3, '2020-01-31 14:18:49'),
(1001, 30, 16, '2020-05-01 05:11:43'),
(1002, 28, 3, '2020-05-07 18:13:26'),
(1003, 25, 12, '2020-05-28 22:24:01'),
(1004, 25, 11, '2020-04-25 19:15:13'),
(1005, 31, 5, '2020-04-08 10:07:57'),
(1006, 29, 5, '2020-01-24 03:02:28'),
(1007, 30, 16, '2020-03-23 08:36:01'),
(1008, 25, 17, '2020-02-22 14:50:27'),
(1009, 28, 8, '2020-03-19 22:16:45'),
(1010, 27, 7, '2020-03-02 21:34:46'),
(1011, 25, 4, '2020-06-06 06:54:12'),
(1012, 25, 15, '2020-06-22 23:41:05'),
(1013, 29, 12, '2020-01-29 10:15:32'),
(1014, 25, 16, '2020-02-23 14:14:25'),
(1015, 26, 4, '2020-01-28 11:21:35'),
(1016, 31, 6, '2020-02-19 11:51:18'),
(1017, 25, 7, '2020-01-18 14:20:49'),
(1018, 28, 11, '2020-04-20 17:12:32'),
(1019, 28, 2, '2020-04-12 16:55:01'),
(1020, 25, 9, '2020-03-18 21:31:09'),
(1021, 26, 1, '2020-02-02 20:54:41'),
(1022, 31, 15, '2020-06-10 15:26:43'),
(1023, 29, 16, '2020-01-25 11:50:52'),
(1024, 29, 3, '2020-04-28 15:22:59'),
(1025, 27, 1, '2020-05-23 16:09:40'),
(1026, 25, 6, '2020-04-05 17:58:31'),
(1027, 25, 16, '2020-04-17 22:33:40'),
(1028, 26, 2, '2020-01-14 17:35:36'),
(1029, 30, 6, '2020-03-08 14:00:50'),
(1030, 30, 15, '2020-01-19 22:06:37'),
(1031, 27, 9, '2020-03-05 11:49:13'),
(1032, 27, 4, '2020-03-05 06:54:25'),
(1033, 27, 1, '2020-04-03 03:50:16'),
(1034, 29, 2, '2020-04-26 01:24:49'),
(1035, 25, 15, '2020-02-23 15:02:55'),
(1036, 28, 14, '2020-06-11 02:42:29'),
(1037, 25, 7, '2020-06-18 03:59:25'),
(1038, 25, 15, '2020-03-12 23:10:57'),
(1039, 28, 17, '2020-01-16 13:54:02'),
(1040, 28, 9, '2020-04-05 00:08:59'),
(1041, 27, 3, '2020-06-10 03:28:06'),
(1042, 13, 4, '2020-11-19 17:40:46'),
(1043, 3, 1, '2020-09-01 18:00:30'),
(1044, 6, 3, '2020-08-25 12:16:00'),
(1045, 16, 1, '2021-01-28 11:16:44'),
(1046, 21, 7, '2020-11-18 07:00:59'),
(1047, 20, 5, '2021-01-07 14:41:41'),
(1048, 3, 7, '2020-12-15 06:41:33'),
(1049, 24, 5, '2020-11-20 20:29:16'),
(1050, 10, 7, '2020-05-17 02:25:07'),
(1051, 25, 7, '2020-09-08 20:59:55'),
(1052, 18, 7, '2021-01-29 23:35:19'),
(1053, 17, 7, '2020-05-16 23:09:41'),
(1054, 10, 7, '2020-12-20 13:33:48'),
(1055, 11, 3, '2020-12-11 06:20:07'),
(1056, 13, 7, '2020-05-10 12:44:59'),
(1057, 18, 4, '2020-07-31 10:33:54'),
(1058, 15, 6, '2020-08-13 22:00:22'),
(1059, 11, 1, '2020-12-23 03:19:16'),
(1060, 10, 3, '2020-08-29 07:45:00'),
(1061, 11, 1, '2020-09-26 10:39:22'),
(1062, 21, 5, '2020-09-19 23:08:08'),
(1063, 13, 2, '2020-06-26 17:18:45'),
(1064, 12, 3, '2020-05-21 10:26:08'),
(1065, 13, 2, '2021-02-18 08:02:41'),
(1066, 18, 4, '2020-06-08 15:11:57'),
(1067, 15, 3, '2020-06-02 16:21:03'),
(1068, 12, 4, '2020-06-02 06:53:48'),
(1069, 13, 2, '2020-10-13 08:50:17'),
(1070, 25, 3, '2020-09-06 03:05:39'),
(1071, 11, 3, '2020-10-06 13:27:47'),
(1072, 17, 3, '2020-12-24 14:56:32'),
(1073, 8, 6, '2020-08-31 08:30:32'),
(1074, 7, 7, '2020-06-11 00:15:54'),
(1075, 22, 1, '2020-09-16 08:57:14'),
(1076, 16, 7, '2020-08-25 06:42:56'),
(1077, 13, 7, '2020-08-04 11:05:22'),
(1078, 23, 4, '2020-04-11 17:25:05'),
(1079, 10, 1, '2020-08-07 05:29:20'),
(1080, 2, 3, '2020-10-25 09:20:15'),
(1081, 23, 3, '2020-06-24 23:25:40'),
(1082, 25, 2, '2020-05-03 22:35:24'),
(1083, 6, 7, '2021-01-22 00:42:04'),
(1084, 16, 3, '2020-04-08 18:51:52'),
(1085, 12, 4, '2020-08-31 11:48:44'),
(1086, 20, 6, '2020-11-02 05:14:22'),
(1087, 7, 7, '2020-06-11 14:58:01'),
(1088, 7, 2, '2020-05-08 08:53:10'),
(1089, 3, 7, '2020-11-16 04:43:37'),
(1090, 12, 1, '2020-05-24 09:27:33'),
(1091, 9, 1, '2020-10-16 17:55:46'),
(1092, 25, 3, '2021-01-31 03:51:35'),
(1093, 22, 2, '2020-07-21 23:54:45'),
(1094, 10, 6, '2020-06-11 19:53:39'),
(1095, 3, 5, '2021-01-20 09:47:39'),
(1096, 9, 4, '2020-12-06 23:31:52'),
(1097, 4, 7, '2020-07-17 18:15:50'),
(1098, 10, 1, '2020-07-23 05:14:06'),
(1099, 15, 4, '2020-08-24 04:31:39'),
(1100, 14, 5, '2020-05-26 07:39:56'),
(1101, 18, 3, '2020-09-21 11:50:11'),
(1102, 18, 2, '2020-08-24 06:21:26'),
(1103, 7, 3, '2020-04-04 22:38:50'),
(1104, 2, 4, '2021-02-25 08:58:07'),
(1105, 14, 2, '2020-08-12 21:52:42'),
(1106, 18, 6, '2020-06-23 15:13:39'),
(1107, 2, 4, '2020-11-11 14:09:19'),
(1108, 22, 4, '2020-07-20 09:28:47'),
(1109, 9, 2, '2020-05-09 02:52:33'),
(1110, 17, 4, '2020-10-24 04:33:11'),
(1111, 1, 3, '2020-05-28 23:31:24'),
(1112, 22, 6, '2020-10-07 12:32:02'),
(1113, 12, 7, '2020-12-10 02:50:30'),
(1114, 21, 4, '2020-07-06 14:56:34'),
(1115, 5, 5, '2020-09-18 00:56:58'),
(1116, 17, 1, '2020-06-01 08:45:43'),
(1117, 1, 2, '2021-02-03 01:30:35'),
(1118, 10, 2, '2020-08-31 19:28:51'),
(1119, 19, 5, '2020-06-25 18:36:22'),
(1120, 14, 7, '2020-11-24 03:45:27'),
(1121, 16, 6, '2020-04-03 13:55:51'),
(1122, 17, 2, '2020-09-01 00:58:30'),
(1123, 1, 6, '2020-06-05 13:47:50'),
(1124, 17, 7, '2020-07-11 07:49:24'),
(1125, 8, 3, '2020-08-13 10:19:37'),
(1126, 18, 1, '2020-08-04 03:59:51'),
(1127, 3, 5, '2020-11-03 05:46:08'),
(1128, 11, 2, '2020-12-16 13:26:28'),
(1129, 20, 1, '2020-04-26 19:45:20'),
(1130, 17, 6, '2020-10-17 13:17:35'),
(1131, 7, 5, '2020-06-20 23:24:48'),
(1132, 7, 3, '2020-11-15 23:08:42'),
(1133, 11, 4, '2021-02-25 23:20:02'),
(1134, 18, 3, '2020-12-30 18:39:22'),
(1135, 7, 1, '2020-10-19 00:00:27'),
(1136, 14, 3, '2020-11-22 11:10:35'),
(1137, 12, 7, '2020-08-15 18:10:24'),
(1138, 20, 7, '2021-01-06 16:45:05'),
(1139, 21, 7, '2020-11-28 07:32:01'),
(1140, 10, 3, '2020-04-18 08:53:09'),
(1141, 2, 5, '2020-09-20 07:20:16'),
(1142, 3, 4, '2020-06-06 17:10:48'),
(1143, 1, 4, '2020-05-05 04:36:50'),
(1144, 2, 11, '2020-10-30 03:26:36'),
(1145, 6, 10, '2020-11-22 08:50:55'),
(1146, 5, 7, '2020-04-12 16:16:48'),
(1147, 3, 5, '2020-05-05 16:25:40'),
(1148, 5, 6, '2020-10-25 20:11:41'),
(1149, 5, 9, '2020-10-08 11:57:39'),
(1150, 2, 8, '2020-04-27 04:23:15'),
(1151, 3, 10, '2021-01-07 04:59:26'),
(1152, 4, 9, '2021-02-02 02:21:06'),
(1153, 3, 12, '2020-09-30 23:57:48'),
(1154, 1, 6, '2020-07-04 03:47:13'),
(1155, 1, 9, '2020-06-19 13:36:24'),
(1156, 2, 7, '2020-10-17 07:12:18'),
(1157, 2, 5, '2020-09-14 01:47:26'),
(1158, 4, 5, '2021-01-29 06:04:16'),
(1159, 1, 7, '2020-04-15 10:05:01'),
(1160, 3, 7, '2020-09-22 17:32:18'),
(1161, 5, 9, '2020-05-23 19:43:34'),
(1162, 1, 7, '2020-05-19 06:01:59'),
(1163, 1, 4, '2020-12-09 00:56:27'),
(1164, 3, 6, '2020-07-18 02:50:22'),
(1165, 1, 10, '2020-06-15 16:03:42'),
(1166, 5, 7, '2020-12-24 00:17:22'),
(1167, 3, 7, '2021-01-02 17:46:57'),
(1168, 2, 7, '2020-12-04 11:34:35'),
(1169, 4, 6, '2020-08-20 06:40:24'),
(1170, 4, 7, '2020-09-19 14:28:06'),
(1171, 4, 10, '2020-12-21 03:52:58'),
(1172, 6, 7, '2020-08-05 23:30:06'),
(1173, 1, 9, '2020-08-01 07:38:35'),
(1174, 4, 10, '2020-04-24 05:37:29'),
(1175, 6, 12, '2020-11-13 14:25:55'),
(1176, 2, 7, '2021-02-15 20:12:47'),
(1177, 4, 10, '2020-07-19 23:18:08'),
(1178, 5, 11, '2020-08-08 05:35:36'),
(1179, 2, 9, '2020-10-04 22:17:21'),
(1180, 2, 11, '2020-07-18 13:06:52'),
(1181, 6, 5, '2021-02-07 09:52:07'),
(1182, 6, 10, '2020-10-27 16:49:44'),
(1183, 2, 6, '2020-04-18 15:19:12'),
(1184, 4, 12, '2020-04-01 23:13:46'),
(1185, 1, 5, '2020-12-24 12:12:09'),
(1186, 2, 8, '2020-04-29 19:14:43'),
(1187, 2, 9, '2020-08-10 23:35:53'),
(1188, 1, 7, '2020-07-26 02:16:17'),
(1189, 2, 4, '2020-06-22 04:27:01'),
(1190, 1, 10, '2020-11-06 04:33:52'),
(1191, 3, 10, '2020-06-02 17:12:54'),
(1192, 2, 12, '2020-04-04 19:15:43'),
(1193, 2, 9, '2020-09-29 21:52:12'),
(1194, 1, 9, '2020-06-12 22:56:32'),
(1195, 6, 11, '2020-05-22 00:40:45'),
(1196, 6, 5, '2020-07-04 19:55:58'),
(1197, 1, 10, '2021-01-30 13:25:55'),
(1198, 5, 8, '2020-06-29 23:40:39'),
(1199, 5, 11, '2020-10-02 00:31:42'),
(1200, 5, 11, '2020-12-28 19:25:10'),
(1201, 2, 11, '2020-07-30 03:00:38'),
(1202, 5, 11, '2020-07-16 20:08:29'),
(1203, 4, 9, '2020-10-11 08:36:59'),
(1204, 5, 9, '2021-02-21 15:12:57'),
(1205, 5, 11, '2020-10-03 02:34:06'),
(1206, 5, 12, '2021-02-25 20:23:09'),
(1207, 4, 11, '2020-09-30 14:45:28'),
(1208, 4, 8, '2020-07-02 14:06:53'),
(1209, 1, 4, '2021-01-22 03:49:07'),
(1210, 1, 10, '2020-12-02 13:56:19'),
(1211, 1, 9, '2020-08-23 01:36:58'),
(1212, 1, 4, '2020-08-04 08:56:01'),
(1213, 5, 5, '2020-10-05 23:33:35'),
(1214, 6, 8, '2020-04-02 20:23:20'),
(1215, 3, 12, '2020-07-10 13:27:06'),
(1216, 2, 5, '2020-07-06 23:15:41'),
(1217, 5, 10, '2020-12-06 04:12:25'),
(1218, 2, 7, '2021-02-03 11:04:06'),
(1219, 2, 11, '2020-04-13 00:51:27'),
(1220, 4, 4, '2020-04-12 01:17:23'),
(1221, 3, 10, '2020-09-28 20:45:27'),
(1222, 2, 5, '2020-11-16 16:06:48'),
(1223, 3, 10, '2020-05-08 13:54:10'),
(1224, 3, 11, '2020-06-20 14:56:50'),
(1225, 3, 9, '2020-04-24 13:05:19'),
(1226, 4, 6, '2020-12-20 03:32:17'),
(1227, 6, 4, '2020-11-28 23:53:57'),
(1228, 4, 11, '2021-02-11 18:56:10'),
(1229, 5, 7, '2020-06-05 04:05:04'),
(1230, 6, 4, '2020-10-03 01:23:46'),
(1231, 4, 9, '2020-05-12 08:11:37'),
(1232, 2, 5, '2020-07-19 13:34:57'),
(1233, 1, 7, '2020-07-11 20:57:22'),
(1234, 2, 8, '2020-06-27 07:23:08'),
(1235, 5, 5, '2020-10-29 10:09:53'),
(1236, 3, 5, '2021-01-16 16:29:12'),
(1237, 4, 10, '2020-09-15 17:58:56'),
(1238, 6, 8, '2020-12-17 04:59:11'),
(1239, 3, 8, '2020-12-26 10:12:16'),
(1240, 4, 6, '2020-04-14 01:32:43'),
(1241, 5, 11, '2020-09-04 03:17:22'),
(1242, 5, 11, '2021-03-17 22:19:00'),
(1243, 6, 7, '2021-03-13 15:03:26'),
(1244, 3, 8, '2021-03-25 21:34:53'),
(1245, 2, 8, '2021-03-24 03:05:33'),
(1246, 6, 12, '2021-04-01 13:59:50'),
(1247, 6, 8, '2021-03-04 05:14:15'),
(1248, 3, 6, '2021-03-11 03:51:04'),
(1249, 3, 9, '2021-03-03 07:11:08'),
(1250, 1, 9, '2021-03-24 16:39:10'),
(1251, 3, 9, '2021-03-04 21:23:27'),
(1252, 2, 8, '2021-03-20 16:27:24'),
(1253, 3, 5, '2021-03-10 00:32:43'),
(1254, 3, 10, '2021-03-26 21:58:36'),
(1255, 5, 7, '2021-03-11 00:06:32'),
(1256, 5, 7, '2021-03-05 17:14:52'),
(1257, 3, 8, '2021-03-21 10:05:28'),
(1258, 4, 8, '2021-03-19 11:25:38'),
(1259, 4, 11, '2021-03-24 04:41:54'),
(1260, 6, 5, '2021-03-30 04:54:06'),
(1261, 1, 11, '2021-03-16 07:50:04'),
(1262, 2, 10, '2021-03-21 15:53:03'),
(1263, 3, 8, '2021-03-12 11:51:04'),
(1264, 1, 10, '2021-03-31 11:38:17'),
(1265, 6, 8, '2021-03-19 20:02:26'),
(1266, 5, 6, '2021-03-19 02:06:55'),
(1267, 6, 4, '2021-03-05 15:46:30'),
(1268, 6, 5, '2021-03-11 09:26:58'),
(1269, 4, 6, '2021-03-21 06:11:52'),
(1270, 1, 11, '2021-03-11 14:04:53'),
(1271, 3, 10, '2021-03-02 22:55:38'),
(1272, 3, 6, '2021-03-13 19:50:14'),
(1273, 6, 4, '2021-03-05 04:49:05'),
(1274, 1, 10, '2021-03-18 05:22:46'),
(1275, 3, 9, '2021-03-06 14:04:47'),
(1276, 5, 8, '2021-03-08 05:59:39'),
(1277, 2, 4, '2021-03-12 03:47:17'),
(1278, 2, 11, '2021-03-02 03:56:47'),
(1279, 4, 9, '2021-03-31 02:16:22'),
(1280, 3, 5, '2021-03-11 06:19:03'),
(1281, 5, 9, '2021-03-09 06:47:08'),
(1282, 5, 7, '2021-03-12 08:36:17'),
(1283, 4, 6, '2021-03-12 20:35:03'),
(1284, 2, 7, '2021-03-20 05:41:38'),
(1285, 4, 11, '2021-03-11 07:51:42'),
(1286, 5, 10, '2021-03-11 06:58:05'),
(1287, 3, 5, '2021-03-21 08:19:13'),
(1288, 1, 8, '2021-03-06 15:30:11'),
(1289, 4, 11, '2021-03-20 11:12:28'),
(1290, 1, 5, '2021-03-02 02:41:45'),
(1291, 2, 4, '2021-03-06 18:40:20'),
(1292, 4, 5, '2021-03-10 18:50:58'),
(1293, 2, 11, '2021-03-31 07:36:17'),
(1294, 3, 6, '2021-03-28 03:14:30'),
(1295, 2, 6, '2021-03-17 14:59:01'),
(1296, 5, 6, '2021-03-03 21:03:07'),
(1297, 3, 5, '2021-03-10 03:46:05'),
(1298, 6, 11, '2021-03-16 03:54:38'),
(1299, 1, 9, '2021-03-09 12:14:49'),
(1300, 6, 5, '2021-03-09 14:53:34'),
(1301, 6, 4, '2021-03-01 15:42:52'),
(1302, 2, 11, '2021-03-31 21:32:32'),
(1303, 5, 6, '2021-03-30 10:33:53'),
(1304, 2, 11, '2021-03-17 09:11:22'),
(1305, 5, 6, '2021-03-07 03:23:25'),
(1306, 2, 10, '2021-03-16 03:16:55'),
(1307, 6, 8, '2021-03-03 11:40:49'),
(1308, 5, 11, '2021-03-08 11:41:42'),
(1309, 6, 4, '2021-03-30 21:25:51'),
(1310, 3, 5, '2021-03-25 12:38:36'),
(1311, 1, 4, '2021-04-01 17:01:56'),
(1312, 6, 7, '2021-03-12 15:32:41'),
(1313, 4, 8, '2021-04-01 06:00:56'),
(1314, 2, 12, '2021-03-14 06:05:00'),
(1315, 2, 7, '2021-03-13 12:17:26'),
(1316, 4, 10, '2021-03-08 12:07:17'),
(1317, 4, 7, '2021-03-07 02:17:06'),
(1318, 4, 12, '2021-03-25 07:55:49'),
(1319, 4, 6, '2021-03-28 03:52:27'),
(1320, 5, 12, '2021-03-25 13:36:59'),
(1321, 6, 5, '2021-03-27 20:42:46'),
(1322, 2, 7, '2021-03-07 00:15:08'),
(1323, 6, 9, '2021-03-05 22:03:49'),
(1324, 1, 9, '2021-03-22 04:00:25'),
(1325, 5, 4, '2021-03-10 18:53:29'),
(1326, 3, 6, '2021-03-27 07:51:05'),
(1327, 4, 6, '2021-03-19 03:14:15'),
(1328, 5, 7, '2021-03-07 05:41:13'),
(1329, 4, 10, '2021-03-18 01:36:38'),
(1330, 4, 7, '2021-03-31 01:26:08'),
(1331, 6, 9, '2021-03-31 19:57:10'),
(1332, 3, 6, '2021-03-15 22:39:48'),
(1333, 1, 4, '2021-03-23 03:18:52'),
(1334, 3, 12, '2021-03-04 19:29:58'),
(1335, 6, 8, '2021-03-31 18:18:43'),
(1336, 5, 9, '2021-03-09 07:19:58'),
(1337, 1, 9, '2021-03-14 05:06:40'),
(1338, 1, 8, '2021-03-23 11:18:53'),
(1339, 1, 4, '2021-03-24 14:04:54'),
(1340, 3, 10, '2021-03-08 02:11:34'),
(1341, 6, 12, '2021-03-18 14:25:31'),
(1342, 16, 11, '2021-03-18 10:14:39'),
(1343, 1, 14, '2021-03-17 20:11:34'),
(1344, 15, 15, '2021-03-29 22:24:43'),
(1345, 6, 12, '2021-03-13 18:14:24'),
(1346, 22, 16, '2021-03-03 07:57:22'),
(1347, 23, 16, '2021-03-15 15:49:32'),
(1348, 24, 15, '2021-03-02 12:28:29'),
(1349, 18, 14, '2021-03-17 17:53:55'),
(1350, 13, 11, '2021-03-03 19:01:27'),
(1351, 2, 14, '2021-03-22 16:45:43'),
(1352, 13, 11, '2021-03-17 08:14:50'),
(1353, 5, 15, '2021-04-01 10:44:31'),
(1354, 24, 13, '2021-03-14 01:06:57'),
(1355, 24, 16, '2021-03-10 14:54:02'),
(1356, 4, 14, '2021-03-04 03:28:39'),
(1357, 21, 15, '2021-03-01 21:10:36'),
(1358, 24, 13, '2021-03-17 00:13:28'),
(1359, 14, 13, '2021-03-17 00:42:56'),
(1360, 2, 12, '2021-03-03 09:00:52'),
(1361, 23, 12, '2021-03-03 11:14:45'),
(1362, 21, 17, '2021-03-25 00:37:27'),
(1363, 11, 14, '2021-03-15 23:09:14'),
(1364, 21, 14, '2021-03-15 03:22:57'),
(1365, 15, 12, '2021-03-17 14:30:45'),
(1366, 12, 15, '2021-03-08 04:42:17'),
(1367, 22, 15, '2021-03-30 11:23:34'),
(1368, 2, 12, '2021-03-21 02:43:14'),
(1369, 12, 11, '2021-03-14 17:32:50'),
(1370, 6, 12, '2021-03-08 18:01:29'),
(1371, 11, 11, '2021-04-01 05:05:09'),
(1372, 2, 17, '2021-04-01 10:04:33'),
(1373, 8, 14, '2021-03-27 09:47:21'),
(1374, 9, 13, '2021-03-31 07:36:29'),
(1375, 21, 14, '2021-03-19 12:13:37'),
(1376, 10, 16, '2021-03-14 12:20:31'),
(1377, 11, 11, '2021-03-16 10:19:49'),
(1378, 3, 12, '2021-03-05 01:06:01'),
(1379, 18, 17, '2021-03-21 13:32:18'),
(1380, 3, 13, '2021-03-28 19:03:34'),
(1381, 7, 11, '2021-03-26 09:04:52'),
(1382, 24, 16, '2021-03-25 14:01:42'),
(1383, 5, 16, '2021-03-03 03:08:28'),
(1384, 6, 15, '2021-03-27 13:27:55'),
(1385, 5, 17, '2021-03-16 22:15:16'),
(1386, 13, 12, '2021-03-21 11:22:22'),
(1387, 5, 15, '2021-03-14 00:20:16'),
(1388, 23, 16, '2021-03-08 18:31:00'),
(1389, 16, 15, '2021-03-26 12:58:31'),
(1390, 21, 15, '2021-03-18 04:39:05'),
(1391, 9, 17, '2021-03-26 15:22:32'),
(1392, 12, 16, '2021-03-08 00:50:51'),
(1393, 23, 12, '2021-03-15 04:56:46'),
(1394, 16, 14, '2021-03-31 23:38:00'),
(1395, 24, 17, '2021-03-05 05:40:48'),
(1396, 4, 17, '2021-03-18 22:18:58'),
(1397, 8, 12, '2021-03-28 22:06:43'),
(1398, 17, 13, '2021-03-01 22:29:03'),
(1399, 4, 16, '2021-03-30 07:01:02'),
(1400, 16, 14, '2021-03-14 00:33:17'),
(1401, 14, 13, '2021-03-18 07:06:08'),
(1402, 6, 14, '2021-03-29 14:59:10'),
(1403, 3, 11, '2021-03-17 06:31:17'),
(1404, 7, 13, '2021-03-26 02:28:27'),
(1405, 7, 14, '2021-03-29 16:24:19'),
(1406, 9, 17, '2021-03-21 07:38:47'),
(1407, 20, 11, '2021-03-15 21:59:04'),
(1408, 7, 13, '2021-03-26 04:21:04'),
(1409, 11, 13, '2021-03-11 20:05:56'),
(1410, 3, 13, '2021-03-14 06:48:34'),
(1411, 3, 12, '2021-03-20 15:19:27'),
(1412, 7, 16, '2021-03-20 08:57:54'),
(1413, 13, 16, '2021-04-01 00:37:45'),
(1414, 12, 12, '2021-03-23 18:22:32'),
(1415, 12, 12, '2021-03-18 07:40:38'),
(1416, 24, 17, '2021-03-26 12:02:49'),
(1417, 6, 12, '2021-03-28 13:52:14'),
(1418, 12, 17, '2021-03-29 15:36:13'),
(1419, 14, 17, '2021-03-21 08:15:15'),
(1420, 8, 14, '2021-03-06 18:35:18'),
(1421, 12, 14, '2021-03-21 19:16:03'),
(1422, 3, 15, '2021-03-08 13:49:48'),
(1423, 5, 11, '2021-03-23 15:40:01'),
(1424, 5, 15, '2021-03-16 08:49:30'),
(1425, 13, 12, '2021-03-20 08:49:15'),
(1426, 9, 12, '2021-03-29 03:56:24'),
(1427, 15, 15, '2021-04-01 11:23:32'),
(1428, 7, 16, '2021-03-19 15:07:13'),
(1429, 3, 17, '2021-03-22 07:13:25'),
(1430, 1, 16, '2021-03-29 23:29:28'),
(1431, 2, 13, '2021-03-19 00:54:58'),
(1432, 20, 14, '2021-03-16 19:09:33'),
(1433, 8, 15, '2021-03-22 13:21:15');
INSERT INTO `scans` (`ScanID`, `UserID`, `ReaderID`, `Scan`) VALUES
(1434, 12, 13, '2021-03-27 04:44:36'),
(1435, 4, 16, '2021-03-05 11:30:29'),
(1436, 20, 13, '2021-03-07 23:25:33'),
(1437, 15, 14, '2021-03-24 11:45:12'),
(1438, 13, 17, '2021-04-01 08:30:29'),
(1439, 18, 11, '2021-03-11 23:45:58'),
(1440, 23, 16, '2021-03-10 09:27:14'),
(1441, 16, 17, '2021-03-28 10:55:16'),
(1442, 13, 4, '2021-03-22 22:43:51'),
(1443, 12, 8, '2021-03-01 18:40:41'),
(1444, 10, 6, '2021-03-19 11:35:40'),
(1445, 10, 4, '2021-03-18 08:39:37'),
(1446, 8, 3, '2021-03-16 09:26:07'),
(1447, 18, 9, '2021-03-09 09:51:15'),
(1448, 16, 1, '2021-03-25 09:02:37'),
(1449, 12, 7, '2021-03-13 07:18:39'),
(1450, 20, 5, '2021-03-15 17:53:02'),
(1451, 21, 8, '2021-03-06 04:33:06'),
(1452, 9, 1, '2021-03-03 05:27:50'),
(1453, 20, 5, '2021-03-05 12:02:32'),
(1454, 21, 3, '2021-03-15 06:47:47'),
(1455, 23, 6, '2021-03-22 17:23:14'),
(1456, 11, 1, '2021-03-20 13:34:41'),
(1457, 13, 4, '2021-03-22 04:55:53'),
(1458, 8, 4, '2021-04-01 17:36:44'),
(1459, 10, 7, '2021-04-01 14:27:09'),
(1460, 8, 6, '2021-03-15 02:18:05'),
(1461, 8, 3, '2021-04-01 06:35:44'),
(1462, 18, 4, '2021-03-22 06:56:40'),
(1463, 13, 3, '2021-03-10 07:49:23'),
(1464, 24, 6, '2021-04-01 00:04:25'),
(1465, 11, 5, '2021-03-14 17:46:03'),
(1466, 15, 6, '2021-03-25 23:14:23'),
(1467, 23, 9, '2021-03-06 17:53:18'),
(1468, 13, 1, '2021-03-05 06:04:10'),
(1469, 9, 6, '2021-03-25 20:21:47'),
(1470, 12, 3, '2021-03-09 14:02:00'),
(1471, 21, 4, '2021-03-10 19:30:06'),
(1472, 9, 2, '2021-03-24 02:50:36'),
(1473, 18, 1, '2021-03-12 19:39:50'),
(1474, 21, 3, '2021-03-28 06:18:22'),
(1475, 9, 9, '2021-03-01 12:14:14'),
(1476, 15, 6, '2021-03-26 05:39:53'),
(1477, 24, 8, '2021-03-28 22:10:56'),
(1478, 23, 5, '2021-03-23 01:03:54'),
(1479, 15, 6, '2021-03-05 07:45:37'),
(1480, 15, 5, '2021-03-08 20:53:31'),
(1481, 12, 8, '2021-03-01 09:13:22'),
(1482, 18, 6, '2021-03-11 22:40:33'),
(1483, 14, 7, '2021-04-01 14:07:44'),
(1484, 15, 3, '2021-03-29 21:53:08'),
(1485, 20, 5, '2021-03-12 22:39:40'),
(1486, 21, 8, '2021-03-05 00:14:11'),
(1487, 13, 1, '2021-03-07 22:34:50'),
(1488, 20, 5, '2021-03-03 16:40:59'),
(1489, 20, 2, '2021-03-11 07:40:59'),
(1490, 11, 6, '2021-03-13 17:53:29'),
(1491, 12, 3, '2021-03-25 08:58:00'),
(1492, 23, 9, '2021-03-15 19:16:12'),
(1493, 8, 4, '2021-03-21 19:00:07'),
(1494, 19, 4, '2021-03-23 07:05:10'),
(1495, 19, 8, '2021-03-31 04:09:10'),
(1496, 12, 6, '2021-03-29 18:36:12'),
(1497, 24, 6, '2021-03-09 19:46:24'),
(1498, 14, 6, '2021-03-13 11:19:53'),
(1499, 19, 7, '2021-03-30 11:06:06'),
(1500, 14, 8, '2021-03-11 17:17:30'),
(1501, 24, 4, '2021-03-08 15:57:05'),
(1502, 20, 1, '2021-03-16 19:53:06'),
(1503, 19, 4, '2021-03-11 17:12:54'),
(1504, 13, 1, '2021-03-16 05:24:21'),
(1505, 8, 2, '2021-03-03 18:17:36'),
(1506, 19, 7, '2021-03-15 11:02:03'),
(1507, 12, 1, '2021-03-12 09:27:17'),
(1508, 15, 2, '2021-03-31 11:58:20'),
(1509, 9, 3, '2021-03-26 06:32:05'),
(1510, 12, 6, '2021-03-22 18:17:29'),
(1511, 24, 6, '2021-03-14 16:21:50'),
(1512, 20, 9, '2021-03-29 03:52:53'),
(1513, 15, 6, '2021-03-24 23:11:34'),
(1514, 14, 4, '2021-03-10 13:34:13'),
(1515, 20, 3, '2021-03-14 12:04:27'),
(1516, 23, 2, '2021-03-16 03:30:40'),
(1517, 11, 6, '2021-03-08 10:21:02'),
(1518, 24, 4, '2021-03-27 19:38:39'),
(1519, 22, 6, '2021-03-14 03:04:05'),
(1520, 9, 4, '2021-03-26 16:20:32'),
(1521, 8, 3, '2021-03-12 16:50:21'),
(1522, 12, 5, '2021-03-30 19:48:16'),
(1523, 19, 3, '2021-03-10 00:58:17'),
(1524, 14, 1, '2021-03-08 13:47:27'),
(1525, 10, 9, '2021-03-24 01:34:36'),
(1526, 8, 9, '2021-03-14 23:04:42'),
(1527, 16, 5, '2021-03-04 05:27:44'),
(1528, 11, 7, '2021-03-08 23:01:40'),
(1529, 17, 9, '2021-03-06 09:28:55'),
(1530, 10, 5, '2021-03-17 23:37:52'),
(1531, 8, 1, '2021-03-02 11:48:01'),
(1532, 13, 6, '2021-03-28 04:06:07'),
(1533, 18, 2, '2021-04-01 04:43:46'),
(1534, 21, 2, '2021-03-15 04:46:13'),
(1535, 12, 8, '2021-03-15 15:59:11'),
(1536, 17, 8, '2021-03-10 07:28:33'),
(1537, 13, 3, '2021-03-19 18:57:41'),
(1538, 23, 6, '2021-03-14 14:27:46'),
(1539, 21, 1, '2021-03-17 15:22:51'),
(1540, 9, 3, '2021-03-15 08:13:07'),
(1541, 20, 9, '2021-03-08 14:09:51'),
(1542, 8, 7, '2021-02-10 18:01:43'),
(1543, 8, 4, '2021-02-25 09:34:40'),
(1544, 12, 13, '2021-02-10 10:45:44'),
(1545, 12, 7, '2021-02-15 05:54:25'),
(1546, 7, 2, '2021-02-28 23:12:28'),
(1547, 7, 3, '2021-02-15 22:28:39'),
(1548, 2, 15, '2021-02-10 12:24:03'),
(1549, 11, 4, '2021-02-17 14:08:38'),
(1550, 1, 6, '2021-02-02 06:18:30'),
(1551, 12, 6, '2021-02-05 23:24:31'),
(1552, 2, 1, '2021-02-11 01:48:15'),
(1553, 6, 1, '2021-02-07 04:03:50'),
(1554, 9, 15, '2021-02-06 04:46:23'),
(1555, 8, 8, '2021-02-11 21:12:44'),
(1556, 8, 16, '2021-02-19 15:55:09'),
(1557, 3, 1, '2021-02-12 23:46:21'),
(1558, 2, 16, '2021-02-22 16:57:10'),
(1559, 11, 9, '2021-02-11 09:25:07'),
(1560, 5, 13, '2021-02-09 08:58:01'),
(1561, 15, 17, '2021-02-22 04:46:24'),
(1562, 14, 6, '2021-02-09 00:34:16'),
(1563, 9, 9, '2021-03-01 12:18:19'),
(1564, 14, 10, '2021-02-18 14:07:01'),
(1565, 9, 12, '2021-02-07 20:34:01'),
(1566, 6, 10, '2021-02-02 11:53:01'),
(1567, 5, 17, '2021-02-17 15:15:09'),
(1568, 3, 1, '2021-02-12 11:19:34'),
(1569, 8, 7, '2021-02-18 16:55:12'),
(1570, 6, 9, '2021-02-20 21:34:18'),
(1571, 3, 17, '2021-02-10 08:12:12'),
(1572, 2, 3, '2021-02-25 13:54:10'),
(1573, 1, 4, '2021-02-06 21:01:38'),
(1574, 1, 2, '2021-02-23 13:34:48'),
(1575, 8, 16, '2021-02-28 16:07:48'),
(1576, 6, 8, '2021-03-01 06:56:08'),
(1577, 15, 6, '2021-02-08 04:03:24'),
(1578, 15, 5, '2021-02-07 12:16:49'),
(1579, 12, 3, '2021-02-03 20:58:08'),
(1580, 4, 9, '2021-02-05 15:18:32'),
(1581, 9, 16, '2021-02-17 04:55:19'),
(1582, 8, 3, '2021-02-19 11:41:02'),
(1583, 13, 5, '2021-02-03 21:35:26'),
(1584, 6, 5, '2021-02-02 21:29:46'),
(1585, 9, 3, '2021-02-04 21:18:45'),
(1586, 14, 7, '2021-02-24 04:54:59'),
(1587, 8, 12, '2021-02-17 11:10:02'),
(1588, 10, 14, '2021-02-07 20:14:06'),
(1589, 9, 17, '2021-02-07 11:23:29'),
(1590, 1, 16, '2021-02-21 18:11:00'),
(1591, 9, 7, '2021-02-07 00:11:25'),
(1592, 9, 12, '2021-02-25 01:54:14'),
(1593, 5, 15, '2021-02-23 05:38:40'),
(1594, 10, 14, '2021-02-08 01:02:12'),
(1595, 1, 8, '2021-02-22 14:50:23'),
(1596, 10, 3, '2021-02-16 07:51:09'),
(1597, 2, 4, '2021-02-24 01:59:01'),
(1598, 11, 10, '2021-02-13 04:26:13'),
(1599, 9, 8, '2021-02-10 15:59:59'),
(1600, 10, 15, '2021-02-26 11:38:29'),
(1601, 9, 16, '2021-02-09 09:46:26'),
(1602, 14, 3, '2021-02-26 12:38:53'),
(1603, 12, 15, '2021-02-05 17:34:54'),
(1604, 11, 10, '2021-02-16 07:24:22'),
(1605, 12, 5, '2021-02-03 10:13:35'),
(1606, 4, 5, '2021-02-05 04:27:59'),
(1607, 9, 7, '2021-02-28 00:09:51'),
(1608, 7, 5, '2021-02-08 16:36:36'),
(1609, 1, 12, '2021-02-16 12:16:50'),
(1610, 3, 14, '2021-02-26 10:12:15'),
(1611, 8, 17, '2021-02-25 08:44:07'),
(1612, 8, 17, '2021-02-19 04:54:40'),
(1613, 5, 13, '2021-02-28 02:59:50'),
(1614, 14, 1, '2021-02-23 17:53:07'),
(1615, 15, 3, '2021-02-20 21:54:49'),
(1616, 14, 7, '2021-02-04 08:27:46'),
(1617, 9, 13, '2021-02-26 14:53:12'),
(1618, 10, 14, '2021-02-14 17:27:13'),
(1619, 7, 10, '2021-02-27 16:58:32'),
(1620, 2, 14, '2021-02-04 13:09:40'),
(1621, 2, 9, '2021-02-04 23:10:39'),
(1622, 1, 6, '2021-02-14 16:43:34'),
(1623, 6, 13, '2021-02-21 10:01:44'),
(1624, 14, 1, '2021-02-10 08:02:14'),
(1625, 3, 5, '2021-02-13 17:47:09'),
(1626, 5, 12, '2021-02-24 03:51:24'),
(1627, 8, 6, '2021-02-27 05:23:50'),
(1628, 14, 1, '2021-02-04 07:49:02'),
(1629, 5, 7, '2021-02-17 02:53:23'),
(1630, 10, 5, '2021-02-22 02:18:05'),
(1631, 3, 4, '2021-02-22 11:00:46'),
(1632, 2, 6, '2021-02-14 18:39:40'),
(1633, 8, 6, '2021-02-27 18:16:47'),
(1634, 5, 8, '2021-02-28 13:38:41'),
(1635, 14, 15, '2021-02-28 18:14:41'),
(1636, 14, 10, '2021-02-06 21:35:59'),
(1637, 14, 17, '2021-02-09 11:41:56'),
(1638, 15, 2, '2021-02-14 06:12:00'),
(1639, 15, 15, '2021-02-19 10:01:18'),
(1640, 9, 13, '2021-02-22 10:10:49'),
(1641, 13, 2, '2021-02-04 02:53:18');

-- --------------------------------------------------------

--
-- Table structure for table `users`
--

CREATE TABLE `users` (
  `UserID` int(11) NOT NULL,
  `RFID` int(11) NOT NULL,
  `UserName` varchar(45) NOT NULL,
  `Department` varchar(45) DEFAULT NULL
) ENGINE=InnoDB DEFAULT CHARSET=utf8mb4;

--
-- Dumping data for table `users`
--

INSERT INTO `users` (`UserID`, `RFID`, `UserName`, `Department`) VALUES
(1, 1111112345, 'Andy', 'Computer Science'),
(2, 1111112346, 'Obama', 'Marketing'),
(3, 1111112347, 'John', 'Accounting'),
(4, 1111112348, 'Biden', 'HR Management'),
(5, 1111112349, 'Lee Jaramillo', 'Marketing'),
(6, 1111112350, 'Micah Kenny', 'Accounting'),
(7, 1111112351, 'Martha', 'Marketing'),
(8, 1111112352, 'Faizal', 'HR Management'),
(9, 1111112353, 'Patrick', 'Marketing'),
(10, 1111112354, 'Darwin', 'Accounting'),
(11, 1111112355, 'Carly', 'HR Management'),
(12, 1111112356, 'Zeeshan', 'Computer Science'),
(13, 1111112357, 'Leanne', 'Computer Science'),
(14, 1111112358, 'Ferne', 'Computer Science'),
(15, 1111112359, 'Harvey', 'Accounting'),
(16, 1111112360, 'Asher', 'Marketing'),
(17, 1111112361, 'Hayley', 'HR Management'),
(18, 1111112362, 'Mohammed', 'Marketing'),
(19, 1111112363, 'Miller', 'Accounting'),
(20, 1111112364, 'Usman', 'Accounting'),
(21, 1111112365, 'Alan', 'Computer Science'),
(22, 1111112366, 'Cooper', 'Marketing'),
(23, 1111112367, 'Enid', 'HR Management'),
(24, 1111112368, 'Reiner', 'Marketing'),
(25, 1111112369, 'Amir', 'Accounting'),
(26, 1111112370, 'Jay', 'Marketing'),
(27, 1111112371, 'Amelia', 'Computer Science'),
(28, 1111112372, 'Bailey', 'HR Management'),
(29, 1111112373, 'Simran', 'Marketing'),
(30, 1111112374, 'Lawrence', 'Computer Science'),
(31, 1111112375, 'Yi', 'Computer Science');

--
-- Indexes for dumped tables
--

--
-- Indexes for table `admins`
--
ALTER TABLE `admins`
  ADD PRIMARY KEY (`id`);

--
-- Indexes for table `form`
--
ALTER TABLE `form`
  ADD PRIMARY KEY (`ID`);

--
-- Indexes for table `reader`
--
ALTER TABLE `reader`
  ADD PRIMARY KEY (`ReaderID`);

--
-- Indexes for table `scans`
--
ALTER TABLE `scans`
  ADD PRIMARY KEY (`ScanID`),
  ADD UNIQUE KEY `ScanID_UNIQUE` (`ScanID`),
  ADD KEY `UserID_idx` (`UserID`),
  ADD KEY `ReaderID_idx` (`ReaderID`);

--
-- Indexes for table `users`
--
ALTER TABLE `users`
  ADD PRIMARY KEY (`UserID`);

--
-- AUTO_INCREMENT for dumped tables
--

--
-- AUTO_INCREMENT for table `admins`
--
ALTER TABLE `admins`
  MODIFY `id` int(11) NOT NULL AUTO_INCREMENT, AUTO_INCREMENT=8;

--
-- AUTO_INCREMENT for table `form`
--
ALTER TABLE `form`
  MODIFY `ID` int(10) UNSIGNED NOT NULL AUTO_INCREMENT, AUTO_INCREMENT=3;

--
-- AUTO_INCREMENT for table `reader`
--
ALTER TABLE `reader`
  MODIFY `ReaderID` int(11) NOT NULL AUTO_INCREMENT, AUTO_INCREMENT=18;

--
-- AUTO_INCREMENT for table `scans`
--
ALTER TABLE `scans`
  MODIFY `ScanID` int(10) UNSIGNED NOT NULL AUTO_INCREMENT, AUTO_INCREMENT=1642;

--
-- AUTO_INCREMENT for table `users`
--
ALTER TABLE `users`
  MODIFY `UserID` int(11) NOT NULL AUTO_INCREMENT, AUTO_INCREMENT=32;

--
-- Constraints for dumped tables
--

--
-- Constraints for table `scans`
--
ALTER TABLE `scans`
  ADD CONSTRAINT `ReaderID` FOREIGN KEY (`ReaderID`) REFERENCES `reader` (`ReaderID`) ON DELETE CASCADE ON UPDATE CASCADE,
  ADD CONSTRAINT `UserID` FOREIGN KEY (`UserID`) REFERENCES `users` (`UserID`) ON DELETE CASCADE ON UPDATE CASCADE;
COMMIT;

/*!40101 SET CHARACTER_SET_CLIENT=@OLD_CHARACTER_SET_CLIENT */;
/*!40101 SET CHARACTER_SET_RESULTS=@OLD_CHARACTER_SET_RESULTS */;
/*!40101 SET COLLATION_CONNECTION=@OLD_COLLATION_CONNECTION */;
